issued_date,forecast_date,radio_flux_10.7cm,planetary_A_index,largest_Kp_index
2019-01-07,2019-01-07,72,8,3
2019-01-07,2019-01-08,70,5,2
2019-01-07,2019-01-09,70,5,2
2019-01-07,2019-01-10,70,5,2
2019-01-07,2019-01-11,70,5,2
2019-01-07,2019-01-12,70,5,2
2019-01-07,2019-01-13,70,5,2
2019-01-07,2019-01-14,70,5,2
2019-01-07,2019-01-15,70,5,2
2019-01-07,2019-01-16,70,12,4
2019-01-07,2019-01-17,70,5,2
2019-01-07,2019-01-18,70,5,2
2019-01-07,2019-01-19,70,5,2
2019-01-07,2019-01-20,71,5,2
2019-01-07,2019-01-21,71,5,2
2019-01-07,2019-01-22,71,5,2
2019-01-07,2019-01-23,71,5,2
2019-01-07,2019-01-24,71,20,5
2019-01-07,2019-01-25,71,12,4
2019-01-07,2019-01-26,71,8,3
2019-01-07,2019-01-27,71,5,2
2019-01-07,2019-01-28,71,5,2
2019-01-07,2019-01-29,71,5,2
2019-01-07,2019-01-30,71,5,2
2019-01-07,2019-01-31,71,10,3
2019-01-07,2019-02-01,71,15,4
2019-01-07,2019-02-02,71,12,4
2019-03-25,2019-03-25,73,15,4
2019-03-25,2019-03-26,71,8,3
2019-03-25,2019-03-27,70,12,4
2019-03-25,2019-03-28,70,12,4
2019-03-25,2019-03-29,70,8,3
2019-03-25,2019-03-30,70,8,3
2019-03-25,2019-03-31,70,5,2
2019-03-25,2019-04-01,70,5,2
2019-04-01,2019-04-01,70,10,3
2019-04-01,2019-04-02,70,8,3
2019-03-25,2019-04-02,70,8,3
2019-03-25,2019-04-03,70,8,3
2019-04-01,2019-04-03,70,10,3
2019-04-01,2019-04-04,70,10,3
2019-03-25,2019-04-04,70,5,2
2019-03-25,2019-04-05,70,5,2
2019-04-01,2019-04-05,70,8,3
2019-04-01,2019-04-06,70,8,3
2019-03-25,2019-04-06,70,5,2
2019-04-01,2019-04-07,70,10,3
2019-03-25,2019-04-07,71,5,2
2019-04-01,2019-04-08,70,5,2
2019-03-25,2019-04-08,74,5,2
2019-04-01,2019-04-09,70,5,2
2019-03-25,2019-04-09,75,5,2
2019-03-25,2019-04-10,75,5,2
2019-04-01,2019-04-10,70,5,2
2019-04-01,2019-04-11,69,5,2
2019-03-25,2019-04-11,75,5,2
2019-04-01,2019-04-12,69,15,4
2019-03-25,2019-04-12,75,15,4
2019-03-25,2019-04-13,75,10,3
2019-04-01,2019-04-13,69,8,3
2019-03-25,2019-04-14,75,5,2
2019-04-01,2019-04-14,70,5,2
2019-04-01,2019-04-15,70,5,2
2019-03-25,2019-04-15,75,5,2
2019-03-25,2019-04-16,75,5,2
2019-04-01,2019-04-16,70,5,2
2019-04-01,2019-04-17,70,5,2
2019-03-25,2019-04-17,75,5,2
2019-03-25,2019-04-18,75,5,2
2019-04-01,2019-04-18,70,5,2
2019-03-25,2019-04-19,74,5,2
2019-04-01,2019-04-19,70,5,2
2019-03-25,2019-04-20,72,5,2
2019-04-01,2019-04-20,70,5,2
2019-04-01,2019-04-21,70,5,2
2019-04-01,2019-04-22,70,5,2
2019-04-01,2019-04-23,69,5,2
2019-04-01,2019-04-24,68,10,3
2019-04-01,2019-04-25,69,8,3
2019-04-01,2019-04-26,69,5,2
2019-04-01,2019-04-27,70,8,3
2019-11-04,2019-11-04,70,5,2
2019-11-04,2019-11-05,70,8,3
2019-11-04,2019-11-06,70,10,4
2019-11-04,2019-11-07,68,8,3
2019-11-04,2019-11-08,69,5,2
2019-11-04,2019-11-09,68,5,2
2019-11-04,2019-11-10,67,5,2
2019-11-04,2019-11-11,67,5,2
2019-11-04,2019-11-12,67,5,2
2019-11-04,2019-11-13,67,5,2
2019-11-04,2019-11-14,67,5,2
2019-11-04,2019-11-15,67,5,2
2019-11-04,2019-11-16,67,5,2
2019-11-04,2019-11-17,67,5,2
2019-11-04,2019-11-18,67,5,2
2019-11-04,2019-11-19,67,5,2
2019-11-04,2019-11-20,68,15,4
2019-11-04,2019-11-21,70,25,5
2019-11-04,2019-11-22,71,18,4
2019-11-04,2019-11-23,71,12,4
2019-11-04,2019-11-24,71,10,4
2019-11-04,2019-11-25,71,8,3
2019-11-04,2019-11-26,71,8,3
2019-11-04,2019-11-27,71,5,2
2019-11-04,2019-11-28,71,5,2
2019-11-04,2019-11-29,71,5,2
2019-11-04,2019-11-30,71,5,2
2020-04-20,2020-04-20,69,12,4
2020-04-20,2020-04-21,69,10,3
2020-04-20,2020-04-22,69,8,3
2020-04-20,2020-04-23,69,10,3
2020-04-20,2020-04-24,69,5,2
2020-04-20,2020-04-25,69,5,2
2020-04-20,2020-04-26,69,5,2
2020-04-20,2020-04-27,69,10,4
2020-04-20,2020-04-28,69,5,2
2020-04-20,2020-04-29,69,5,2
2020-04-20,2020-04-30,69,8,3
2020-04-20,2020-05-01,69,5,2
2020-04-20,2020-05-02,69,5,2
2020-04-20,2020-05-03,69,5,2
2020-04-20,2020-05-04,69,5,2
2020-04-20,2020-05-05,69,12,4
2020-04-20,2020-05-06,69,5,2
2020-04-20,2020-05-07,69,5,2
2020-04-20,2020-05-08,69,5,2
2020-04-20,2020-05-09,69,5,2
2020-04-20,2020-05-10,69,5,2
2020-04-20,2020-05-11,69,5,2
2020-04-20,2020-05-12,69,5,2
2020-04-20,2020-05-13,69,5,2
2020-04-20,2020-05-14,69,5,2
2020-04-20,2020-05-15,69,5,2
2020-04-20,2020-05-16,69,5,2
2020-05-18,2020-05-18,70,5,3
2020-05-18,2020-05-19,70,8,3
2020-05-18,2020-05-20,70,8,3
2020-05-18,2020-05-21,70,5,3
2020-05-18,2020-05-22,70,5,2
2020-05-18,2020-05-23,70,5,2
2020-05-18,2020-05-24,70,5,2
2020-05-18,2020-05-25,70,5,2
2020-05-18,2020-05-26,70,5,2
2020-05-18,2020-05-27,70,5,2
2020-05-18,2020-05-28,70,5,2
2020-05-18,2020-05-29,70,5,2
2020-05-18,2020-05-30,70,5,2
2020-05-18,2020-05-31,70,5,2
2020-05-18,2020-06-01,70,5,2
2020-06-01,2020-06-01,71,5,2
2020-05-18,2020-06-02,70,5,2
2020-06-01,2020-06-02,71,5,2
2020-05-18,2020-06-03,70,5,2
2020-06-01,2020-06-03,71,5,2
2020-05-18,2020-06-04,70,5,2
2020-06-01,2020-06-04,71,5,2
2020-05-18,2020-06-05,70,5,2
2020-06-01,2020-06-05,71,5,2
2020-05-18,2020-06-06,70,5,2
2020-06-01,2020-06-06,71,5,2
2020-06-01,2020-06-07,71,5,2
2020-05-18,2020-06-07,70,5,2
2020-05-18,2020-06-08,70,5,2
2020-06-01,2020-06-08,70,5,2
2020-05-18,2020-06-09,70,5,2
2020-06-01,2020-06-09,70,5,2
2020-05-18,2020-06-10,70,5,2
2020-06-01,2020-06-10,70,5,2
2020-05-18,2020-06-11,70,5,2
2020-06-01,2020-06-11,70,5,2
2020-05-18,2020-06-12,70,5,2
2020-06-01,2020-06-12,70,5,2
2020-05-18,2020-06-13,70,5,2
2020-06-01,2020-06-13,70,5,2
2020-06-01,2020-06-14,70,5,2
2020-06-01,2020-06-15,70,5,2
2020-06-01,2020-06-16,70,5,2
2020-06-01,2020-06-17,70,5,2
2020-06-01,2020-06-18,70,5,2
2020-06-01,2020-06-19,70,5,2
2020-06-01,2020-06-20,70,5,2
2020-06-01,2020-06-21,71,5,2
2020-06-01,2020-06-22,71,5,2
2020-06-01,2020-06-23,71,5,2
2020-06-01,2020-06-24,71,5,2
2020-06-01,2020-06-25,71,5,2
2020-06-01,2020-06-26,71,5,2
2020-06-01,2020-06-27,71,5,2
2020-07-13,2020-07-13,68,8,3
2020-07-13,2020-07-14,68,12,4
2020-07-13,2020-07-15,68,8,3
2020-07-13,2020-07-16,68,5,2
2020-07-13,2020-07-17,68,5,2
2020-07-13,2020-07-18,68,5,2
2020-07-13,2020-07-19,68,5,2
2020-07-13,2020-07-20,68,5,2
2020-07-13,2020-07-21,68,5,2
2020-07-13,2020-07-22,68,5,2
2020-07-13,2020-07-23,68,5,2
2020-07-13,2020-07-24,68,5,2
2020-07-13,2020-07-25,69,5,2
2020-07-13,2020-07-26,69,5,2
2020-07-13,2020-07-27,69,5,2
2020-07-13,2020-07-28,69,5,2
2020-07-13,2020-07-29,69,5,2
2020-07-13,2020-07-30,69,5,2
2020-07-13,2020-07-31,69,8,3
2020-07-13,2020-08-01,69,10,3
2020-07-13,2020-08-02,68,5,2
2020-07-13,2020-08-03,68,5,2
2020-07-13,2020-08-04,68,5,2
2020-07-13,2020-08-05,68,5,2
2020-07-13,2020-08-06,68,5,2
2020-07-13,2020-08-07,68,5,2
2020-07-13,2020-08-08,68,5,2
2020-09-21,2020-09-21,70,5,2
2020-09-21,2020-09-22,70,5,2
2020-09-21,2020-09-23,70,10,3
2020-09-21,2020-09-24,70,12,4
2020-09-21,2020-09-25,70,16,4
2020-09-21,2020-09-26,70,12,3
2020-09-21,2020-09-27,70,28,5
2020-09-21,2020-09-28,70,18,4
2020-09-21,2020-09-29,70,10,3
2020-09-21,2020-09-30,70,5,2
2020-09-21,2020-10-01,70,5,2
2020-09-21,2020-10-02,70,5,2
2020-09-21,2020-10-03,70,5,2
2020-09-21,2020-10-04,70,5,2
2020-09-21,2020-10-05,70,5,2
2020-09-21,2020-10-06,70,5,2
2020-09-21,2020-10-07,70,5,2
2020-09-21,2020-10-08,70,5,2
2020-09-21,2020-10-09,70,5,2
2020-09-21,2020-10-10,70,5,2
2020-09-21,2020-10-11,70,10,3
2020-09-21,2020-10-12,70,5,2
2020-10-12,2020-10-12,73,5,2
2020-09-21,2020-10-13,70,5,2
2020-10-12,2020-10-13,73,5,2
2020-10-12,2020-10-14,73,5,2
2020-09-21,2020-10-14,70,5,2
2020-09-21,2020-10-15,70,5,2
2020-10-12,2020-10-15,72,5,2
2020-09-21,2020-10-16,70,5,2
2020-10-12,2020-10-16,71,5,2
2020-10-12,2020-10-17,71,5,2
2020-09-21,2020-10-17,70,5,2
2020-10-12,2020-10-18,70,5,2
2020-10-12,2020-10-19,70,5,2
2020-10-12,2020-10-20,70,10,4
2020-10-12,2020-10-21,70,18,5
2020-10-12,2020-10-22,70,20,5
2020-10-12,2020-10-23,70,24,5
2020-10-12,2020-10-24,70,22,5
2020-10-12,2020-10-25,70,30,6
2020-10-12,2020-10-26,70,16,4
2020-10-12,2020-10-27,70,14,4
2020-10-12,2020-10-28,72,10,4
2020-10-12,2020-10-29,72,8,3
2020-10-12,2020-10-30,72,5,2
2020-10-12,2020-10-31,73,5,2
2020-10-12,2020-11-01,73,5,2
2020-10-12,2020-11-02,73,5,2
2020-10-12,2020-11-03,73,5,2
2020-10-12,2020-11-04,73,5,2
2020-10-12,2020-11-05,73,5,2
2020-10-12,2020-11-06,73,5,2
2020-10-12,2020-11-07,73,5,2
2020-11-09,2020-11-09,90,5,2
2020-11-09,2020-11-10,88,5,2
2020-11-09,2020-11-11,86,5,2
2020-11-09,2020-11-12,84,8,3
2020-11-09,2020-11-13,82,10,3
2020-11-09,2020-11-14,82,5,2
2020-11-09,2020-11-15,80,5,2
2020-11-09,2020-11-16,78,5,2
2020-11-09,2020-11-17,78,10,3
2020-11-09,2020-11-18,78,5,2
2020-11-09,2020-11-19,78,10,4
2020-11-09,2020-11-20,78,15,5
2020-11-09,2020-11-21,78,12,4
2020-11-09,2020-11-22,78,15,5
2020-11-09,2020-11-23,78,8,3
2020-11-09,2020-11-24,78,10,4
2020-11-09,2020-11-25,78,12,4
2020-11-09,2020-11-26,80,5,2
2020-11-09,2020-11-27,82,5,2
2020-11-09,2020-11-28,86,5,2
2020-11-09,2020-11-29,86,5,2
2020-11-09,2020-11-30,86,5,2
2020-11-30,2020-11-30,115,5,2
2020-11-09,2020-12-01,86,5,2
2020-11-30,2020-12-01,113,12,4
2020-11-09,2020-12-02,86,5,2
2020-11-30,2020-12-02,113,12,4
2020-11-09,2020-12-03,86,8,3
2020-11-30,2020-12-03,113,5,2
2020-11-30,2020-12-04,110,5,2
2020-11-09,2020-12-04,86,8,3
2020-11-30,2020-12-05,105,5,2
2020-11-09,2020-12-05,86,5,2
2020-11-30,2020-12-06,103,5,2
2020-11-30,2020-12-07,95,5,2
2020-11-30,2020-12-08,95,5,2
2020-11-30,2020-12-09,92,5,2
2020-11-30,2020-12-10,88,5,2
2020-11-30,2020-12-11,85,5,2
2020-11-30,2020-12-12,85,5,2
2020-11-30,2020-12-13,82,5,2
2020-11-30,2020-12-14,82,5,2
2020-12-14,2020-12-14,82,5,2
2020-11-30,2020-12-15,82,5,2
2020-12-14,2020-12-15,83,5,2
2020-11-30,2020-12-16,82,5,2
2020-12-14,2020-12-16,83,5,2
2020-11-30,2020-12-17,85,5,2
2020-12-14,2020-12-17,84,8,3
2020-11-30,2020-12-18,90,12,4
2020-12-14,2020-12-18,85,5,2
2020-11-30,2020-12-19,100,20,5
2020-12-14,2020-12-19,85,5,2
2020-12-14,2020-12-20,85,12,4
2020-11-30,2020-12-20,105,8,3
2020-11-30,2020-12-21,105,5,2
2020-12-14,2020-12-21,85,15,4
2020-12-14,2020-12-22,85,12,4
2020-11-30,2020-12-22,108,5,2
2020-12-14,2020-12-23,85,10,3
2020-11-30,2020-12-23,110,8,3
2020-12-14,2020-12-24,85,8,3
2020-11-30,2020-12-24,110,10,3
2020-12-14,2020-12-25,86,5,2
2020-11-30,2020-12-25,110,8,3
2020-11-30,2020-12-26,115,5,2
2020-12-14,2020-12-26,86,5,2
2020-12-14,2020-12-27,86,5,2
2020-12-14,2020-12-28,86,5,2
2020-12-14,2020-12-29,85,5,2
2020-12-14,2020-12-30,84,5,2
2020-12-14,2020-12-31,83,5,2
2020-12-14,2021-01-01,82,5,2
2020-12-14,2021-01-02,82,5,2
2020-12-14,2021-01-03,82,5,2
2020-12-14,2021-01-04,82,5,2
2020-12-14,2021-01-05,82,10,3
2020-12-14,2021-01-06,82,10,3
2020-12-14,2021-01-07,82,5,2
2020-12-14,2021-01-08,82,5,2
2020-12-14,2021-01-09,82,5,2
2021-01-11,2021-01-11,74,8,3
2021-01-11,2021-01-12,74,5,2
2021-01-11,2021-01-13,74,5,2
2021-01-11,2021-01-14,74,5,2
2021-01-11,2021-01-15,74,5,2
2021-01-11,2021-01-16,74,5,2
2021-01-11,2021-01-17,74,10,4
2021-01-11,2021-01-18,76,10,4
2021-01-11,2021-01-19,78,10,4
2021-01-11,2021-01-20,78,10,4
2021-01-11,2021-01-21,78,5,2
2021-01-11,2021-01-22,78,5,2
2021-01-11,2021-01-23,78,5,2
2021-01-11,2021-01-24,78,5,2
2021-01-11,2021-01-25,78,8,3
2021-01-11,2021-01-26,78,8,3
2021-01-11,2021-01-27,78,5,2
2021-01-11,2021-01-28,77,5,2
2021-01-11,2021-01-29,77,5,2
2021-01-11,2021-01-30,77,5,2
2021-01-11,2021-01-31,77,5,2
2021-01-11,2021-02-01,75,10,4
2021-02-01,2021-02-01,73,18,5
2021-01-11,2021-02-02,75,10,4
2021-02-01,2021-02-02,73,12,4
2021-02-01,2021-02-03,72,8,3
2021-01-11,2021-02-03,75,5,2
2021-01-11,2021-02-04,75,5,2
2021-02-01,2021-02-04,72,5,2
2021-01-11,2021-02-05,75,5,2
2021-02-01,2021-02-05,72,5,2
2021-01-11,2021-02-06,75,5,2
2021-02-01,2021-02-06,72,5,2
2021-02-01,2021-02-07,72,10,4
2021-02-01,2021-02-08,72,10,3
2021-02-01,2021-02-09,74,5,2
2021-02-01,2021-02-10,74,5,2
2021-02-01,2021-02-11,74,5,2
2021-02-01,2021-02-12,76,5,2
2021-02-01,2021-02-13,76,5,2
2021-02-01,2021-02-14,76,5,2
2021-02-01,2021-02-15,76,5,2
2021-02-01,2021-02-16,76,5,2
2021-02-01,2021-02-17,78,5,2
2021-02-01,2021-02-18,78,5,2
2021-02-01,2021-02-19,78,5,2
2021-02-01,2021-02-20,78,5,2
2021-02-01,2021-02-21,78,20,5
2021-02-01,2021-02-22,78,16,4
2021-02-01,2021-02-23,76,12,3
2021-02-01,2021-02-24,76,5,2
2021-02-01,2021-02-25,76,5,2
2021-02-01,2021-02-26,74,5,2
2021-02-01,2021-02-27,73,5,2
2021-03-01,2021-03-01,73,18,5
2021-03-01,2021-03-02,74,15,4
2021-03-01,2021-03-03,74,8,3
2021-03-01,2021-03-04,73,5,2
2021-03-01,2021-03-05,73,5,2
2021-03-01,2021-03-06,73,15,4
2021-03-01,2021-03-07,74,5,2
2021-03-01,2021-03-08,70,5,2
2021-03-01,2021-03-09,74,5,2
2021-03-01,2021-03-10,76,5,2
2021-03-01,2021-03-11,72,5,2
2021-03-01,2021-03-12,71,15,4
2021-03-01,2021-03-13,72,10,4
2021-03-01,2021-03-14,70,5,2
2021-03-01,2021-03-15,71,15,4
2021-03-15,2021-03-15,78,12,4
2021-03-01,2021-03-16,72,8,3
2021-03-15,2021-03-16,78,5,2
2021-03-01,2021-03-17,71,5,2
2021-03-15,2021-03-17,78,5,2
2021-03-15,2021-03-18,78,8,3
2021-03-01,2021-03-18,73,18,5
2021-03-01,2021-03-19,76,20,5
2021-03-15,2021-03-19,77,18,4
2021-03-15,2021-03-20,77,18,4
2021-03-01,2021-03-20,75,20,4
2021-03-15,2021-03-21,76,18,4
2021-03-01,2021-03-21,76,18,4
2021-03-15,2021-03-22,76,12,3
2021-03-01,2021-03-22,78,12,3
2021-03-15,2021-03-23,76,8,3
2021-03-01,2021-03-23,81,8,3
2021-03-01,2021-03-24,80,5,2
2021-03-15,2021-03-24,76,5,2
2021-03-01,2021-03-25,80,5,2
2021-03-15,2021-03-25,77,5,2
2021-03-01,2021-03-26,79,5,2
2021-03-15,2021-03-26,78,5,2
2021-03-01,2021-03-27,78,5,2
2021-03-15,2021-03-27,78,5,2
2021-03-15,2021-03-28,78,25,5
2021-03-15,2021-03-29,78,20,5
2021-03-15,2021-03-30,78,20,5
2021-03-15,2021-03-31,78,10,3
2021-03-15,2021-04-01,78,5,2
2021-03-15,2021-04-02,79,15,3
2021-03-15,2021-04-03,80,8,3
2021-03-15,2021-04-04,81,5,2
2021-03-15,2021-04-05,82,5,2
2021-03-15,2021-04-06,82,5,2
2021-03-15,2021-04-07,82,5,2
2021-03-15,2021-04-08,81,15,3
2021-03-15,2021-04-09,80,18,4
2021-03-15,2021-04-10,80,20,5
2021-04-19,2021-04-19,78,12,4
2021-04-19,2021-04-20,75,8,3
2021-04-19,2021-04-21,75,5,2
2021-04-19,2021-04-22,72,5,2
2021-04-19,2021-04-23,70,8,3
2021-04-19,2021-04-24,70,12,4
2021-04-19,2021-04-25,70,5,2
2021-04-19,2021-04-26,70,5,2
2021-04-19,2021-04-27,68,10,3
2021-04-19,2021-04-28,68,8,3
2021-04-19,2021-04-29,68,5,2
2021-04-19,2021-04-30,68,5,2
2021-04-19,2021-05-01,68,5,2
2021-04-19,2021-05-02,68,5,2
2021-04-19,2021-05-03,70,5,2
2021-04-19,2021-05-04,72,15,4
2021-04-19,2021-05-05,72,5,2
2021-04-19,2021-05-06,72,5,2
2021-04-19,2021-05-07,72,5,2
2021-04-19,2021-05-08,72,8,3
2021-04-19,2021-05-09,72,5,2
2021-04-19,2021-05-10,75,5,2
2021-04-19,2021-05-11,75,8,3
2021-04-19,2021-05-12,75,12,4
2021-04-19,2021-05-13,75,20,5
2021-04-19,2021-05-14,75,30,5
2021-04-19,2021-05-15,75,15,4
2021-08-23,2021-08-23,77,8,3
2021-08-23,2021-08-24,77,8,3
2021-08-23,2021-08-25,76,15,4
2021-08-23,2021-08-26,75,10,4
2021-08-23,2021-08-27,75,7,2
2021-08-23,2021-08-28,75,7,2
2021-08-23,2021-08-29,75,5,2
2021-08-23,2021-08-30,75,5,2
2021-08-23,2021-08-31,75,5,2
2021-08-23,2021-09-01,75,5,2
2021-08-23,2021-09-02,75,8,3
2021-08-23,2021-09-03,73,12,4
2021-08-23,2021-09-04,73,5,2
2021-08-23,2021-09-05,73,5,2
2021-08-23,2021-09-06,73,5,2
2021-09-06,2021-09-06,90,8,3
2021-08-23,2021-09-07,73,5,2
2021-09-06,2021-09-07,90,5,2
2021-09-06,2021-09-08,90,5,2
2021-08-23,2021-09-08,73,5,2
2021-08-23,2021-09-09,73,5,2
2021-09-06,2021-09-09,90,5,2
2021-08-23,2021-09-10,73,5,2
2021-09-06,2021-09-10,92,5,2
2021-08-23,2021-09-11,73,10,3
2021-09-06,2021-09-11,90,5,2
2021-08-23,2021-09-12,74,8,3
2021-09-06,2021-09-12,85,5,2
2021-08-23,2021-09-13,74,5,2
2021-09-06,2021-09-13,85,5,2
2021-08-23,2021-09-14,74,5,2
2021-09-06,2021-09-14,85,5,2
2021-09-06,2021-09-15,85,5,2
2021-08-23,2021-09-15,74,5,2
2021-08-23,2021-09-16,76,5,2
2021-09-06,2021-09-16,85,5,2
2021-08-23,2021-09-17,76,5,2
2021-09-06,2021-09-17,85,5,2
2021-08-23,2021-09-18,76,5,2
2021-09-06,2021-09-18,85,5,2
2021-09-06,2021-09-19,88,5,2
2021-09-06,2021-09-20,88,5,2
2021-09-06,2021-09-21,88,8,3
2021-09-06,2021-09-22,88,5,2
2021-09-06,2021-09-23,86,5,2
2021-09-06,2021-09-24,90,5,2
2021-09-06,2021-09-25,90,5,2
2021-09-06,2021-09-26,90,5,2
2021-09-06,2021-09-27,90,5,2
2021-09-06,2021-09-28,90,5,2
2021-09-06,2021-09-29,88,5,2
2021-09-06,2021-09-30,88,5,2
2021-09-06,2021-10-01,88,5,2
2021-09-06,2021-10-02,88,8,3
2021-10-04,2021-10-04,88,5,2
2021-10-04,2021-10-05,88,8,3
2021-10-04,2021-10-06,88,8,3
2021-10-04,2021-10-07,88,5,2
2021-10-04,2021-10-08,88,8,3
2021-10-04,2021-10-09,88,8,3
2021-10-04,2021-10-10,85,5,2
2021-10-04,2021-10-11,80,5,2
2021-10-04,2021-10-12,75,5,2
2021-10-04,2021-10-13,75,5,2
2021-10-04,2021-10-14,75,5,2
2021-10-04,2021-10-15,75,5,2
2021-10-04,2021-10-16,75,5,2
2021-10-04,2021-10-17,80,5,2
2021-10-04,2021-10-18,85,10,3
2021-10-04,2021-10-19,88,12,4
2021-10-04,2021-10-20,90,10,3
2021-10-04,2021-10-21,88,8,3
2021-10-04,2021-10-22,88,5,2
2021-10-04,2021-10-23,85,5,2
2021-10-04,2021-10-24,85,5,2
2021-10-04,2021-10-25,90,10,3
2021-10-25,2021-10-25,94,5,2
2021-10-04,2021-10-26,100,5,2
2021-10-25,2021-10-26,95,5,2
2021-10-04,2021-10-27,95,5,2
2021-10-25,2021-10-27,95,8,3
2021-10-25,2021-10-28,96,8,3
2021-10-04,2021-10-28,90,5,2
2021-10-04,2021-10-29,88,5,2
2021-10-25,2021-10-29,95,10,3
2021-10-04,2021-10-30,88,5,2
2021-10-25,2021-10-30,95,10,3
2021-10-25,2021-10-31,95,5,2
2021-10-25,2021-11-01,95,5,2
2021-10-25,2021-11-02,95,5,2
2021-10-25,2021-11-03,92,5,2
2021-10-25,2021-11-04,90,5,2
2021-10-25,2021-11-05,88,5,2
2021-10-25,2021-11-06,86,12,4
2021-10-25,2021-11-07,86,10,3
2021-10-25,2021-11-08,85,8,3
2021-11-08,2021-11-08,85,8,3
2021-11-08,2021-11-09,82,5,2
2021-10-25,2021-11-09,85,5,2
2021-10-25,2021-11-10,83,5,2
2021-11-08,2021-11-10,82,5,2
2021-10-25,2021-11-11,82,5,2
2021-11-08,2021-11-11,82,5,2
2021-10-25,2021-11-12,82,5,2
2021-11-08,2021-11-12,82,5,2
2021-10-25,2021-11-13,82,5,2
2021-11-08,2021-11-13,80,7,2
2021-10-25,2021-11-14,82,5,2
2021-11-08,2021-11-14,80,7,2
2021-10-25,2021-11-15,82,10,3
2021-11-08,2021-11-15,85,10,4
2021-11-08,2021-11-16,87,8,3
2021-10-25,2021-11-16,85,8,3
2021-10-25,2021-11-17,85,5,2
2021-11-08,2021-11-17,87,5,2
2021-10-25,2021-11-18,85,5,2
2021-11-08,2021-11-18,87,5,2
2021-10-25,2021-11-19,85,5,2
2021-11-08,2021-11-19,90,5,2
2021-10-25,2021-11-20,85,5,2
2021-11-08,2021-11-20,90,5,2
2021-11-08,2021-11-21,95,5,2
2021-11-08,2021-11-22,95,5,2
2021-11-08,2021-11-23,95,5,2
2021-11-08,2021-11-24,95,5,2
2021-11-08,2021-11-25,95,5,2
2021-11-08,2021-11-26,95,5,2
2021-11-08,2021-11-27,95,5,2
2021-11-08,2021-11-28,90,10,4
2021-11-08,2021-11-29,90,10,4
2021-11-08,2021-11-30,85,8,3
2021-11-08,2021-12-01,85,5,2
2021-11-08,2021-12-02,85,5,2
2021-11-08,2021-12-03,82,5,2
2021-11-08,2021-12-04,82,5,2
2021-12-06,2021-12-06,82,8,3
2021-12-06,2021-12-07,80,8,3
2021-12-06,2021-12-08,80,5,2
2021-12-06,2021-12-09,80,5,2
2021-12-06,2021-12-10,82,10,3
2021-12-06,2021-12-11,82,8,3
2021-12-06,2021-12-12,82,5,2
2021-12-06,2021-12-13,80,12,4
2021-12-06,2021-12-14,80,10,3
2021-12-06,2021-12-15,82,5,2
2021-12-06,2021-12-16,85,5,2
2021-12-06,2021-12-17,85,15,5
2021-12-06,2021-12-18,85,12,4
2021-12-06,2021-12-19,87,10,3
2021-12-06,2021-12-20,87,8,3
2021-12-06,2021-12-21,87,5,2
2021-12-06,2021-12-22,87,5,2
2021-12-06,2021-12-23,86,5,2
2021-12-06,2021-12-24,86,5,2
2021-12-06,2021-12-25,86,5,2
2021-12-06,2021-12-26,86,5,2
2021-12-06,2021-12-27,86,15,5
2021-12-06,2021-12-28,84,18,5
2021-12-06,2021-12-29,82,12,4
2021-12-06,2021-12-30,82,8,3
2021-12-06,2021-12-31,82,8,3
2021-12-06,2022-01-01,82,8,3
2022-01-10,2022-01-10,102,8,3
2022-01-10,2022-01-11,102,5,2
2022-01-10,2022-01-12,105,5,2
2022-01-10,2022-01-13,110,5,2
2022-01-10,2022-01-14,110,5,2
2022-01-10,2022-01-15,115,5,2
2022-01-10,2022-01-16,115,12,5
2022-01-10,2022-01-17,120,15,4
2022-01-10,2022-01-18,120,10,3
2022-01-10,2022-01-19,120,5,2
2022-01-10,2022-01-20,120,5,2
2022-01-10,2022-01-21,120,5,2
2022-01-10,2022-01-22,120,5,2
2022-01-10,2022-01-23,120,10,3
2022-01-10,2022-01-24,120,8,3
2022-01-10,2022-01-25,110,8,3
2022-01-10,2022-01-26,100,8,3
2022-01-10,2022-01-27,100,5,2
2022-01-10,2022-01-28,95,10,3
2022-01-10,2022-01-29,90,10,3
2022-01-10,2022-01-30,85,10,3
2022-01-10,2022-01-31,85,5,2
2022-01-10,2022-02-01,85,5,2
2022-01-10,2022-02-02,95,5,2
2022-01-10,2022-02-03,105,5,2
2022-01-10,2022-02-04,100,15,5
2022-01-10,2022-02-05,100,10,3
2022-02-07,2022-02-07,122,10,3
2022-02-07,2022-02-08,120,5,2
2022-02-07,2022-02-09,120,5,2
2022-02-07,2022-02-10,120,20,5
2022-02-07,2022-02-11,110,25,5
2022-02-07,2022-02-12,110,12,3
2022-02-07,2022-02-13,115,25,5
2022-02-07,2022-02-14,115,20,5
2022-02-07,2022-02-15,115,5,2
2022-02-07,2022-02-16,115,5,2
2022-02-07,2022-02-17,115,10,3
2022-02-07,2022-02-18,115,12,4
2022-02-07,2022-02-19,115,8,3
2022-02-07,2022-02-20,118,5,2
2022-02-07,2022-02-21,120,10,3
2022-02-21,2022-02-21,96,12,4
2022-02-07,2022-02-22,120,8,3
2022-02-21,2022-02-22,102,10,3
2022-02-07,2022-02-23,120,5,2
2022-02-21,2022-02-23,102,8,3
2022-02-21,2022-02-24,105,5,2
2022-02-07,2022-02-24,125,8,3
2022-02-21,2022-02-25,103,5,2
2022-02-07,2022-02-25,125,12,4
2022-02-21,2022-02-26,103,5,2
2022-02-07,2022-02-26,120,8,3
2022-02-21,2022-02-27,103,5,2
2022-02-07,2022-02-27,120,8,3
2022-02-21,2022-02-28,105,5,2
2022-02-07,2022-02-28,120,5,2
2022-02-07,2022-03-01,120,5,2
2022-02-21,2022-03-01,103,5,2
2022-02-07,2022-03-02,120,5,2
2022-02-21,2022-03-02,103,5,2
2022-02-07,2022-03-03,120,12,4
2022-02-21,2022-03-03,105,18,5
2022-02-21,2022-03-04,103,15,5
2022-02-07,2022-03-04,120,10,3
2022-02-21,2022-03-05,103,10,3
2022-02-07,2022-03-05,115,15,4
2022-02-21,2022-03-06,100,8,3
2022-02-21,2022-03-07,98,5,2
2022-02-21,2022-03-08,98,5,2
2022-02-21,2022-03-09,95,5,2
2022-02-21,2022-03-10,95,5,2
2022-02-21,2022-03-11,95,15,5
2022-02-21,2022-03-12,95,12,4
2022-02-21,2022-03-13,93,8,3
2022-02-21,2022-03-14,95,5,2
2022-02-21,2022-03-15,95,8,3
2022-02-21,2022-03-16,93,5,2
2022-02-21,2022-03-17,95,5,2
2022-02-21,2022-03-18,95,10,3
2022-02-21,2022-03-19,95,15,5
2022-04-18,2022-04-18,135,12,4
2022-04-18,2022-04-19,130,10,3
2022-04-18,2022-04-20,130,10,3
2022-04-18,2022-04-21,130,8,3
2022-04-18,2022-04-22,135,8,3
2022-04-18,2022-04-23,130,12,4
2022-04-18,2022-04-24,130,8,3
2022-04-18,2022-04-25,135,5,2
2022-04-18,2022-04-26,132,5,2
2022-04-18,2022-04-27,132,5,2
2022-04-18,2022-04-28,132,5,2
2022-04-18,2022-04-29,125,18,5
2022-04-18,2022-04-30,125,12,4
2022-04-18,2022-05-01,130,8,3
2022-04-18,2022-05-02,130,5,2
2022-04-18,2022-05-03,130,5,2
2022-04-18,2022-05-04,130,5,2
2022-04-18,2022-05-05,125,5,2
2022-04-18,2022-05-06,130,8,3
2022-04-18,2022-05-07,130,15,4
2022-04-18,2022-05-08,128,12,4
2022-04-18,2022-05-09,130,8,3
2022-04-18,2022-05-10,130,5,2
2022-04-18,2022-05-11,135,5,2
2022-04-18,2022-05-12,135,5,2
2022-04-18,2022-05-13,140,8,3
2022-04-18,2022-05-14,140,10,3
2022-05-16,2022-05-16,154,14,4
2022-05-16,2022-05-17,152,8,3
2022-05-16,2022-05-18,152,5,2
2022-05-16,2022-05-19,150,8,3
2022-05-16,2022-05-20,148,8,3
2022-05-16,2022-05-21,140,5,2
2022-05-16,2022-05-22,140,5,2
2022-05-16,2022-05-23,145,5,2
2022-05-16,2022-05-24,142,18,5
2022-05-16,2022-05-25,142,15,4
2022-05-16,2022-05-26,138,15,4
2022-05-16,2022-05-27,136,15,4
2022-05-16,2022-05-28,136,8,3
2022-05-16,2022-05-29,138,5,2
2022-05-16,2022-05-30,140,5,2
2022-05-16,2022-05-31,140,5,2
2022-05-16,2022-06-01,143,5,2
2022-05-16,2022-06-02,143,5,2
2022-05-16,2022-06-03,143,5,2
2022-05-16,2022-06-04,140,5,2
2022-05-16,2022-06-05,136,5,2
2022-05-16,2022-06-06,138,5,2
2022-05-16,2022-06-07,138,5,2
2022-05-16,2022-06-08,140,5,2
2022-05-16,2022-06-09,150,5,2
2022-05-16,2022-06-10,154,8,3
2022-05-16,2022-06-11,154,14,4
2022-07-04,2022-07-04,110,5,2
2022-07-04,2022-07-05,112,8,3
2022-07-04,2022-07-06,112,25,5
2022-07-04,2022-07-07,115,12,4
2022-07-04,2022-07-08,115,8,3
2022-07-04,2022-07-09,115,5,2
2022-07-04,2022-07-10,115,5,2
2022-07-04,2022-07-11,112,5,2
2022-07-04,2022-07-12,112,5,2
2022-07-04,2022-07-13,110,5,2
2022-07-04,2022-07-14,108,10,3
2022-07-04,2022-07-15,108,15,4
2022-07-04,2022-07-16,110,12,4
2022-07-04,2022-07-17,100,10,3
2022-07-04,2022-07-18,95,8,3
2022-07-04,2022-07-19,98,8,3
2022-07-04,2022-07-20,95,8,3
2022-07-04,2022-07-21,95,8,3
2022-07-04,2022-07-22,98,12,4
2022-07-04,2022-07-23,98,15,4
2022-07-04,2022-07-24,100,10,3
2022-07-04,2022-07-25,100,8,3
2022-07-04,2022-07-26,102,5,2
2022-07-04,2022-07-27,105,5,2
2022-07-04,2022-07-28,105,5,2
2022-07-04,2022-07-29,100,5,2
2022-07-04,2022-07-30,110,5,2
2022-08-15,2022-08-15,124,5,2
2022-08-15,2022-08-16,124,5,2
2022-08-15,2022-08-17,122,20,5
2022-08-15,2022-08-18,118,25,5
2022-08-15,2022-08-19,112,18,4
2022-08-15,2022-08-20,108,12,4
2022-08-15,2022-08-21,102,8,3
2022-08-15,2022-08-22,100,5,2
2022-08-15,2022-08-23,100,5,2
2022-08-15,2022-08-24,94,5,2
2022-08-15,2022-08-25,94,5,2
2022-08-15,2022-08-26,94,5,2
2022-08-15,2022-08-27,94,12,4
2022-08-15,2022-08-28,96,8,3
2022-08-29,2022-08-29,125,10,3
2022-08-15,2022-08-29,98,8,3
2022-08-15,2022-08-30,100,8,3
2022-08-29,2022-08-30,120,8,3
2022-08-29,2022-08-31,120,5,2
2022-08-15,2022-08-31,108,5,2
2022-08-15,2022-09-01,114,5,2
2022-08-29,2022-09-01,120,5,2
2022-08-15,2022-09-02,116,5,2
2022-08-29,2022-09-02,115,5,2
2022-08-15,2022-09-03,116,24,6
2022-08-29,2022-09-03,115,30,6
2022-08-15,2022-09-04,112,28,6
2022-08-29,2022-09-04,115,38,6
2022-08-15,2022-09-05,108,18,5
2022-08-29,2022-09-05,112,20,5
2022-08-29,2022-09-06,108,15,4
2022-08-15,2022-09-06,108,10,3
2022-08-29,2022-09-07,108,18,4
2022-08-15,2022-09-07,115,14,4
2022-08-29,2022-09-08,115,10,3
2022-08-15,2022-09-08,120,8,3
2022-08-15,2022-09-09,124,10,3
2022-08-29,2022-09-09,120,12,4
2022-08-15,2022-09-10,126,8,3
2022-08-29,2022-09-10,124,8,3
2022-08-29,2022-09-11,130,5,2
2022-08-29,2022-09-12,128,5,2
2022-08-29,2022-09-13,120,12,4
2022-08-29,2022-09-14,118,15,4
2022-08-29,2022-09-15,105,10,3
2022-08-29,2022-09-16,102,8,3
2022-08-29,2022-09-17,98,8,3
2022-08-29,2022-09-18,98,5,2
2022-08-29,2022-09-19,104,5,2
2022-08-29,2022-09-20,102,5,2
2022-08-29,2022-09-21,108,5,2
2022-08-29,2022-09-22,118,5,2
2022-08-29,2022-09-23,118,5,2
2022-08-29,2022-09-24,118,14,3
2022-10-17,2022-10-17,120,10,4
2022-10-17,2022-10-18,115,5,2
2022-10-17,2022-10-19,115,5,2
2022-10-17,2022-10-20,110,12,4
2022-10-17,2022-10-21,110,12,4
2022-10-17,2022-10-22,112,8,3
2022-10-17,2022-10-23,112,5,2
2022-10-17,2022-10-24,112,5,2
2022-10-17,2022-10-25,112,5,2
2022-10-17,2022-10-26,115,15,5
2022-10-17,2022-10-27,120,12,4
2022-10-17,2022-10-28,125,15,5
2022-10-17,2022-10-29,125,12,4
2022-10-17,2022-10-30,125,20,5
2022-10-17,2022-10-31,120,15,5
2022-10-17,2022-11-01,118,15,4
2022-10-17,2022-11-02,120,18,5
2022-10-17,2022-11-03,125,15,4
2022-10-17,2022-11-04,125,12,4
2022-10-17,2022-11-05,120,20,5
2022-10-17,2022-11-06,120,8,3
2022-10-17,2022-11-07,120,5,2
2022-11-07,2022-11-07,130,8,3
2022-10-17,2022-11-08,120,5,2
2022-11-07,2022-11-08,130,12,4
2022-10-17,2022-11-09,120,5,2
2022-11-07,2022-11-09,125,12,4
2022-10-17,2022-11-10,125,18,5
2022-11-07,2022-11-10,120,12,4
2022-11-07,2022-11-11,115,12,4
2022-10-17,2022-11-11,120,18,4
2022-11-07,2022-11-12,115,8,3
2022-10-17,2022-11-12,120,15,3
2022-11-07,2022-11-13,120,5,2
2022-11-07,2022-11-14,118,5,2
2022-11-07,2022-11-15,116,5,2
2022-11-07,2022-11-16,115,5,2
2022-11-07,2022-11-17,114,5,2
2022-11-07,2022-11-18,116,25,5
2022-11-07,2022-11-19,116,15,4
2022-11-07,2022-11-20,114,8,3
2022-11-07,2022-11-21,114,5,2
2022-11-21,2022-11-21,120,26,5
2022-11-07,2022-11-22,112,5,2
2022-11-21,2022-11-22,125,15,4
2022-11-07,2022-11-23,114,8,3
2022-11-21,2022-11-23,125,8,3
2022-11-07,2022-11-24,116,16,4
2022-11-21,2022-11-24,125,10,3
2022-11-07,2022-11-25,116,26,5
2022-11-21,2022-11-25,125,15,4
2022-11-07,2022-11-26,116,15,4
2022-11-21,2022-11-26,125,8,3
2022-11-21,2022-11-27,125,10,3
2022-11-07,2022-11-27,118,12,3
2022-11-07,2022-11-28,118,8,3
2022-11-21,2022-11-28,120,8,3
2022-11-21,2022-11-29,120,8,3
2022-11-07,2022-11-29,120,15,4
2022-11-21,2022-11-30,120,8,3
2022-11-07,2022-11-30,122,26,5
2022-11-21,2022-12-01,120,12,4
2022-11-07,2022-12-01,124,16,4
2022-11-21,2022-12-02,120,18,4
2022-11-07,2022-12-02,124,12,3
2022-11-21,2022-12-03,120,8,3
2022-11-07,2022-12-03,122,8,3
2022-11-21,2022-12-04,120,5,2
2022-11-21,2022-12-05,125,5,2
2022-11-21,2022-12-06,125,5,2
2022-11-21,2022-12-07,125,5,2
2022-11-21,2022-12-08,125,8,3
2022-11-21,2022-12-09,125,8,3
2022-11-21,2022-12-10,125,5,2
2022-11-21,2022-12-11,130,5,2
2022-11-21,2022-12-12,135,5,2
2022-12-12,2022-12-12,145,5,2
2022-12-12,2022-12-13,140,5,2
2022-11-21,2022-12-13,130,5,2
2022-12-12,2022-12-14,130,5,2
2022-11-21,2022-12-14,125,5,2
2022-12-12,2022-12-15,125,5,2
2022-11-21,2022-12-15,125,5,2
2022-12-12,2022-12-16,120,5,2
2022-11-21,2022-12-16,125,5,2
2022-12-12,2022-12-17,115,5,2
2022-11-21,2022-12-17,125,10,3
2022-12-12,2022-12-18,115,5,2
2022-12-12,2022-12-19,115,10,3
2022-12-12,2022-12-20,115,10,3
2022-12-12,2022-12-21,115,5,2
2022-12-12,2022-12-22,115,20,5
2022-12-12,2022-12-23,120,15,4
2022-12-12,2022-12-24,120,12,4
2022-12-12,2022-12-25,120,20,5
2022-12-12,2022-12-26,120,20,5
2022-12-12,2022-12-27,120,20,5
2022-12-12,2022-12-28,120,20,5
2022-12-12,2022-12-29,125,12,4
2022-12-12,2022-12-30,130,10,3
2022-12-12,2022-12-31,135,12,4
2022-12-12,2023-01-01,145,8,3
2022-12-12,2023-01-02,145,5,2
2022-12-12,2023-01-03,145,18,5
2022-12-12,2023-01-04,145,10,3
2022-12-12,2023-01-05,145,10,3
2022-12-12,2023-01-06,145,8,3
2022-12-12,2023-01-07,145,5,2
2023-02-27,2023-02-27,155,56,7
2023-02-27,2023-02-28,150,32,6
2023-02-27,2023-03-01,150,16,4
2023-02-27,2023-03-02,145,10,3
2023-02-27,2023-03-03,145,8,3
2023-02-27,2023-03-04,140,8,3
2023-02-27,2023-03-05,145,16,4
2023-02-27,2023-03-06,150,18,5
2023-03-06,2023-03-06,185,20,5
2023-02-27,2023-03-07,155,15,4
2023-03-06,2023-03-07,190,16,4
2023-02-27,2023-03-08,160,8,3
2023-03-06,2023-03-08,200,8,3
2023-02-27,2023-03-09,165,5,2
2023-03-06,2023-03-09,200,5,2
2023-02-27,2023-03-10,165,5,2
2023-03-06,2023-03-10,195,5,2
2023-03-06,2023-03-11,190,5,2
2023-02-27,2023-03-11,165,5,2
2023-03-06,2023-03-12,185,5,2
2023-02-27,2023-03-12,165,5,2
2023-03-06,2023-03-13,180,5,2
2023-02-27,2023-03-13,170,5,2
2023-03-06,2023-03-14,175,5,2
2023-02-27,2023-03-14,170,5,2
2023-02-27,2023-03-15,170,15,4
2023-03-06,2023-03-15,170,16,4
2023-03-06,2023-03-16,175,8,3
2023-02-27,2023-03-16,175,8,3
2023-03-06,2023-03-17,175,8,3
2023-02-27,2023-03-17,180,8,3
2023-03-06,2023-03-18,180,5,2
2023-02-27,2023-03-18,180,5,2
2023-03-06,2023-03-19,180,8,3
2023-02-27,2023-03-19,175,8,3
2023-03-06,2023-03-20,175,16,4
2023-02-27,2023-03-20,170,15,3
2023-03-06,2023-03-21,170,5,2
2023-02-27,2023-03-21,165,5,2
2023-03-06,2023-03-22,170,5,2
2023-02-27,2023-03-22,160,5,2
2023-02-27,2023-03-23,160,5,2
2023-03-06,2023-03-23,170,5,2
2023-02-27,2023-03-24,155,12,3
2023-03-06,2023-03-24,175,12,3
2023-02-27,2023-03-25,155,16,4
2023-03-06,2023-03-25,175,16,4
2023-03-06,2023-03-26,180,26,5
2023-03-06,2023-03-27,185,18,4
2023-03-27,2023-03-27,160,8,3
2023-03-27,2023-03-28,155,8,3
2023-03-06,2023-03-28,185,10,3
2023-03-06,2023-03-29,190,8,3
2023-03-27,2023-03-29,145,5,2
2023-03-27,2023-03-30,145,5,2
2023-03-06,2023-03-30,185,24,5
2023-03-06,2023-03-31,185,16,4
2023-03-27,2023-03-31,135,12,4
2023-03-27,2023-04-01,135,15,4
2023-03-06,2023-04-01,185,20,4
2023-03-27,2023-04-02,135,10,3
2023-03-27,2023-04-03,135,8,3
2023-03-27,2023-04-04,135,5,2
2023-03-27,2023-04-05,132,5,2
2023-03-27,2023-04-06,132,5,2
2023-03-27,2023-04-07,132,5,2
2023-03-27,2023-04-08,132,5,2
2023-03-27,2023-04-09,130,5,2
2023-03-27,2023-04-10,132,15,4
2023-03-27,2023-04-11,135,12,4
2023-03-27,2023-04-12,135,8,3
2023-03-27,2023-04-13,140,5,2
2023-03-27,2023-04-14,145,8,3
2023-03-27,2023-04-15,148,8,3
2023-03-27,2023-04-16,150,12,4
2023-03-27,2023-04-17,150,10,3
2023-03-27,2023-04-18,155,15,4
2023-03-27,2023-04-19,155,5,2
2023-03-27,2023-04-20,158,20,5
2023-03-27,2023-04-21,160,15,5
2023-03-27,2023-04-22,160,10,3
2023-04-24,2023-04-24,135,47,8
2023-04-24,2023-04-25,130,15,5
2023-04-24,2023-04-26,125,8,3
2023-04-24,2023-04-27,120,10,3
2023-04-24,2023-04-28,120,15,4
2023-04-24,2023-04-29,125,10,3
2023-04-24,2023-04-30,130,8,3
2023-04-24,2023-05-01,135,12,3
2023-04-24,2023-05-02,140,10,3
2023-04-24,2023-05-03,140,8,3
2023-04-24,2023-05-04,140,8,3
2023-04-24,2023-05-05,140,5,2
2023-04-24,2023-05-06,140,5,2
2023-04-24,2023-05-07,145,12,3
2023-04-24,2023-05-08,150,5,2
2023-04-24,2023-05-09,155,5,2
2023-04-24,2023-05-10,160,5,2
2023-04-24,2023-05-11,165,8,3
2023-04-24,2023-05-12,170,8,3
2023-04-24,2023-05-13,170,5,2
2023-04-24,2023-05-14,165,5,2
2023-04-24,2023-05-15,160,5,2
2023-04-24,2023-05-16,155,5,2
2023-04-24,2023-05-17,150,5,2
2023-04-24,2023-05-18,145,5,2
2023-04-24,2023-05-19,140,5,2
2023-04-24,2023-05-20,135,5,2
2023-06-19,2023-06-19,160,12,4
2023-06-19,2023-06-20,155,12,4
2023-06-19,2023-06-21,160,12,4
2023-06-19,2023-06-22,160,12,4
2023-06-19,2023-06-23,165,5,2
2023-06-19,2023-06-24,165,5,2
2023-06-19,2023-06-25,165,5,2
2023-06-19,2023-06-26,165,5,2
2023-06-19,2023-06-27,165,12,4
2023-06-19,2023-06-28,170,12,4
2023-06-19,2023-06-29,175,5,2
2023-06-19,2023-06-30,175,5,2
2023-06-19,2023-07-01,175,12,4
2023-06-19,2023-07-02,180,8,3
2023-06-19,2023-07-03,180,5,2
2023-06-19,2023-07-04,175,5,2
2023-06-19,2023-07-05,175,5,2
2023-06-19,2023-07-06,170,5,2
2023-06-19,2023-07-07,170,5,2
2023-06-19,2023-07-08,170,12,4
2023-06-19,2023-07-09,170,5,2
2023-06-19,2023-07-10,170,5,2
2023-06-19,2023-07-11,165,5,2
2023-06-19,2023-07-12,160,20,5
2023-06-19,2023-07-13,160,30,6
2023-06-19,2023-07-14,165,8,3
2023-06-19,2023-07-15,165,8,3
2023-07-17,2023-07-17,180,18,5
2023-07-17,2023-07-18,182,25,5
2023-07-17,2023-07-19,178,15,4
2023-07-17,2023-07-20,170,10,3
2023-07-17,2023-07-21,172,8,3
2023-07-17,2023-07-22,172,5,2
2023-07-17,2023-07-23,170,5,2
2023-07-17,2023-07-24,160,5,2
2023-07-17,2023-07-25,160,5,2
2023-07-17,2023-07-26,160,5,2
2023-07-17,2023-07-27,160,5,2
2023-07-17,2023-07-28,165,5,2
2023-07-17,2023-07-29,165,5,2
2023-07-17,2023-07-30,170,5,2
2023-07-17,2023-07-31,170,5,2
2023-07-17,2023-08-01,165,5,2
2023-07-17,2023-08-02,165,5,2
2023-07-17,2023-08-03,165,10,3
2023-07-17,2023-08-04,165,8,3
2023-07-17,2023-08-05,170,5,2
2023-07-17,2023-08-06,175,5,2
2023-07-17,2023-08-07,180,5,2
2023-07-17,2023-08-08,180,5,2
2023-07-17,2023-08-09,180,5,2
2023-07-17,2023-08-10,180,5,2
2023-07-17,2023-08-11,175,5,2
2023-07-17,2023-08-12,175,5,2
2023-09-25,2023-09-25,172,22,6
2023-09-25,2023-09-26,168,15,4
2023-09-25,2023-09-27,164,5,2
2023-09-25,2023-09-28,160,5,2
2023-09-25,2023-09-29,160,5,2
2023-09-25,2023-09-30,158,5,2
2023-09-25,2023-10-01,150,5,2
2023-09-25,2023-10-02,145,5,2
2023-09-25,2023-10-03,150,5,2
2023-09-25,2023-10-04,155,5,2
2023-09-25,2023-10-05,155,5,2
2023-09-25,2023-10-06,155,5,2
2023-09-25,2023-10-07,160,5,2
2023-09-25,2023-10-08,160,5,2
2023-09-25,2023-10-09,155,5,2
2023-09-25,2023-10-10,150,5,2
2023-09-25,2023-10-11,150,5,2
2023-09-25,2023-10-12,145,5,2
2023-09-25,2023-10-13,145,5,2
2023-09-25,2023-10-14,145,5,2
2023-09-25,2023-10-15,150,5,2
2023-09-25,2023-10-16,155,5,2
2023-09-25,2023-10-17,155,5,2
2023-09-25,2023-10-18,160,5,2
2023-09-25,2023-10-19,165,5,2
2023-09-25,2023-10-20,168,5,2
2023-09-25,2023-10-21,168,5,2
2023-10-23,2023-10-23,120,10,3
2023-10-23,2023-10-24,125,8,3
2023-10-23,2023-10-25,130,6,2
2023-10-23,2023-10-26,135,5,2
2023-10-23,2023-10-27,135,12,4
2023-10-23,2023-10-28,135,8,3
2023-10-23,2023-10-29,140,8,3
2023-10-23,2023-10-30,140,8,3
2023-10-23,2023-10-31,142,10,3
2023-10-23,2023-11-01,142,12,4
2023-10-23,2023-11-02,142,5,2
2023-10-23,2023-11-03,144,5,2
2023-10-23,2023-11-04,144,5,2
2023-10-23,2023-11-05,144,5,2
2023-10-23,2023-11-06,140,5,2
2023-10-23,2023-11-07,138,5,2
2023-10-23,2023-11-08,136,5,2
2023-10-23,2023-11-09,136,12,4
2023-10-23,2023-11-10,138,8,3
2023-10-23,2023-11-11,136,5,2
2023-10-23,2023-11-12,134,5,2
2023-10-23,2023-11-13,130,5,2
2023-10-23,2023-11-14,130,8,3
2023-10-23,2023-11-15,130,10,3
2023-10-23,2023-11-16,125,5,2
2023-10-23,2023-11-17,123,5,2
2023-10-23,2023-11-18,120,5,2
2023-11-20,2023-11-20,140,20,5
2023-11-20,2023-11-21,145,10,3
2023-11-20,2023-11-22,145,15,4
2023-11-20,2023-11-23,145,12,4
2023-11-20,2023-11-24,145,8,3
2023-11-20,2023-11-25,145,8,3
2023-11-20,2023-11-26,145,5,2
2023-11-20,2023-11-27,148,8,3
2023-11-27,2023-11-27,180,10,4
2023-11-20,2023-11-28,152,8,3
2023-11-27,2023-11-28,180,8,3
2023-11-20,2023-11-29,152,5,2
2023-11-27,2023-11-29,175,5,2
2023-11-20,2023-11-30,155,5,2
2023-11-27,2023-11-30,175,5,2
2023-11-20,2023-12-01,155,5,2
2023-11-27,2023-12-01,170,5,2
2023-11-20,2023-12-02,152,5,2
2023-11-27,2023-12-02,165,5,2
2023-11-20,2023-12-03,150,5,2
2023-11-27,2023-12-03,160,5,2
2023-11-20,2023-12-04,148,10,3
2023-11-27,2023-12-04,150,10,4
2023-11-20,2023-12-05,145,16,5
2023-11-27,2023-12-05,145,16,5
2023-11-27,2023-12-06,140,12,4
2023-11-20,2023-12-06,140,12,4
2023-11-27,2023-12-07,140,10,4
2023-11-20,2023-12-07,140,10,3
2023-11-27,2023-12-08,140,5,2
2023-11-20,2023-12-08,140,5,2
2023-11-27,2023-12-09,145,5,2
2023-11-20,2023-12-09,145,5,2
2023-11-27,2023-12-10,145,5,2
2023-11-20,2023-12-10,145,5,2
2023-11-27,2023-12-11,140,5,2
2023-11-20,2023-12-11,140,5,2
2023-11-20,2023-12-12,140,10,3
2023-11-27,2023-12-12,140,10,4
2023-11-20,2023-12-13,140,8,3
2023-11-27,2023-12-13,140,8,3
2023-11-20,2023-12-14,140,5,2
2023-11-27,2023-12-14,140,5,2
2023-11-20,2023-12-15,140,5,2
2023-11-27,2023-12-15,140,5,2
2023-11-27,2023-12-16,140,5,2
2023-11-20,2023-12-16,140,5,2
2023-11-27,2023-12-17,150,5,2
2023-11-27,2023-12-18,160,15,4
2023-11-27,2023-12-19,160,25,5
2023-11-27,2023-12-20,160,8,3
2023-11-27,2023-12-21,160,5,2
2023-11-27,2023-12-22,160,20,5
2023-11-27,2023-12-23,160,10,4
2024-01-08,2024-01-08,165,10,3
2024-01-08,2024-01-09,165,8,3
2024-01-08,2024-01-10,165,5,2
2024-01-08,2024-01-11,170,5,2
2024-01-08,2024-01-12,165,5,2
2024-01-08,2024-01-13,165,5,2
2024-01-08,2024-01-14,165,5,2
2024-01-08,2024-01-15,160,5,2
2024-01-08,2024-01-16,165,5,2
2024-01-08,2024-01-17,160,5,2
2024-01-08,2024-01-18,155,5,2
2024-01-08,2024-01-19,150,5,2
2024-01-08,2024-01-20,150,5,2
2024-01-08,2024-01-21,150,5,2
2024-01-08,2024-01-22,145,5,2
2024-01-08,2024-01-23,140,5,2
2024-01-08,2024-01-24,135,5,2
2024-01-08,2024-01-25,135,5,2
2024-01-08,2024-01-26,135,5,2
2024-01-08,2024-01-27,130,5,2
2024-01-08,2024-01-28,135,8,3
2024-01-08,2024-01-29,140,8,3
2024-01-08,2024-01-30,140,8,3
2024-01-08,2024-01-31,140,5,2
2024-01-08,2024-02-01,150,5,2
2024-01-08,2024-02-02,160,5,2
2024-01-08,2024-02-03,165,5,2
2024-02-26,2024-02-26,180,12,3
2024-02-26,2024-02-27,175,10,3
2024-02-26,2024-02-28,175,10,3
2024-02-26,2024-02-29,180,5,2
2024-02-26,2024-03-01,175,5,2
2024-02-26,2024-03-02,170,5,2
2024-02-26,2024-03-03,170,5,2
2024-02-26,2024-03-04,172,5,2
2024-02-26,2024-03-05,172,5,2
2024-02-26,2024-03-06,170,5,2
2024-02-26,2024-03-07,165,5,2
2024-02-26,2024-03-08,165,5,2
2024-02-26,2024-03-09,165,5,2
2024-02-26,2024-03-10,168,5,2
2024-02-26,2024-03-11,165,5,2
2024-02-26,2024-03-12,165,5,2
2024-02-26,2024-03-13,160,5,2
2024-02-26,2024-03-14,160,5,2
2024-02-26,2024-03-15,168,5,2
2024-02-26,2024-03-16,172,5,2
2024-02-26,2024-03-17,175,5,2
2024-02-26,2024-03-18,175,5,2
2024-02-26,2024-03-19,178,5,2
2024-02-26,2024-03-20,180,5,2
2024-02-26,2024-03-21,180,5,2
2024-02-26,2024-03-22,180,5,2
2024-02-26,2024-03-23,180,5,2
2024-05-06,2024-05-06,180,35,6
2024-05-06,2024-05-07,185,12,4
2024-05-06,2024-05-08,190,8,3
2024-05-06,2024-05-09,185,10,3
2024-05-06,2024-05-10,175,5,2
2024-05-06,2024-05-11,175,5,2
2024-05-06,2024-05-12,175,8,3
2024-05-06,2024-05-13,175,15,4
2024-05-06,2024-05-14,180,10,3
2024-05-06,2024-05-15,205,5,2
2024-05-06,2024-05-16,205,5,2
2024-05-06,2024-05-17,200,5,2
2024-05-06,2024-05-18,195,5,2
2024-05-06,2024-05-19,190,5,2
2024-05-06,2024-05-20,185,5,2
2024-05-06,2024-05-21,180,5,2
2024-05-06,2024-05-22,175,5,2
2024-05-06,2024-05-23,170,8,3
2024-05-06,2024-05-24,165,12,4
2024-05-06,2024-05-25,170,8,3
2024-05-06,2024-05-26,175,5,2
2024-05-06,2024-05-27,175,12,4
2024-05-27,2024-05-27,155,8,3
2024-05-06,2024-05-28,170,8,3
2024-05-27,2024-05-28,155,8,3
2024-05-06,2024-05-29,165,5,2
2024-05-27,2024-05-29,155,5,2
2024-05-06,2024-05-30,165,5,2
2024-05-27,2024-05-30,155,5,2
2024-05-27,2024-05-31,165,5,2
2024-05-06,2024-05-31,165,8,3
2024-05-27,2024-06-01,165,5,2
2024-05-06,2024-06-01,175,12,4
2024-05-27,2024-06-02,165,5,2
2024-05-27,2024-06-03,175,5,2
2024-05-27,2024-06-04,175,5,2
2024-05-27,2024-06-05,190,5,2
2024-05-27,2024-06-06,200,5,2
2024-05-27,2024-06-07,210,5,2
2024-05-27,2024-06-08,200,10,3
2024-05-27,2024-06-09,195,12,4
2024-05-27,2024-06-10,190,8,3
2024-06-10,2024-06-10,175,35,6
2024-05-27,2024-06-11,185,12,4
2024-06-10,2024-06-11,170,20,5
2024-05-27,2024-06-12,180,10,3
2024-06-10,2024-06-12,170,10,3
2024-05-27,2024-06-13,170,5,2
2024-06-10,2024-06-13,165,5,2
2024-05-27,2024-06-14,170,5,2
2024-06-10,2024-06-14,165,5,2
2024-05-27,2024-06-15,170,5,2
2024-06-10,2024-06-15,155,5,2
2024-06-10,2024-06-16,155,5,2
2024-05-27,2024-06-16,170,5,2
2024-06-17,2024-06-17,175,8,3
2024-05-27,2024-06-17,170,5,2
2024-06-10,2024-06-17,165,5,2
2024-05-27,2024-06-18,170,5,2
2024-06-10,2024-06-18,175,5,2
2024-06-17,2024-06-18,180,15,4
2024-05-27,2024-06-19,170,5,2
2024-06-10,2024-06-19,185,8,3
2024-06-17,2024-06-19,180,8,3
2024-05-27,2024-06-20,170,5,2
2024-06-10,2024-06-20,185,8,3
2024-06-17,2024-06-20,180,8,3
2024-06-17,2024-06-21,175,5,2
2024-05-27,2024-06-21,170,5,2
2024-06-10,2024-06-21,185,5,2
2024-06-17,2024-06-22,175,8,3
2024-05-27,2024-06-22,165,5,2
2024-06-10,2024-06-22,190,8,3
2024-06-17,2024-06-23,190,10,3
2024-06-10,2024-06-23,195,8,3
2024-06-10,2024-06-24,200,5,2
2024-06-17,2024-06-24,190,5,2
2024-06-10,2024-06-25,200,5,2
2024-06-17,2024-06-25,180,5,2
2024-06-17,2024-06-26,175,5,2
2024-06-10,2024-06-26,205,5,2
2024-06-10,2024-06-27,205,5,2
2024-06-17,2024-06-27,180,5,2
2024-06-17,2024-06-28,190,5,2
2024-06-10,2024-06-28,205,5,2
2024-06-17,2024-06-29,180,5,2
2024-06-10,2024-06-29,205,5,2
2024-06-17,2024-06-30,185,8,3
2024-06-10,2024-06-30,200,8,3
2024-06-10,2024-07-01,190,8,3
2024-06-17,2024-07-01,190,8,3
2024-06-17,2024-07-02,195,5,2
2024-06-10,2024-07-02,180,5,2
2024-06-10,2024-07-03,175,5,2
2024-06-17,2024-07-03,190,5,2
2024-06-17,2024-07-04,185,5,2
2024-06-10,2024-07-04,170,5,2
2024-06-17,2024-07-05,190,5,2
2024-06-10,2024-07-05,165,5,2
2024-06-10,2024-07-06,160,5,2
2024-06-17,2024-07-06,180,5,2
2024-06-17,2024-07-07,180,5,2
2024-06-17,2024-07-08,165,5,2
2024-06-17,2024-07-09,165,5,2
2024-06-17,2024-07-10,180,5,2
2024-06-17,2024-07-11,170,5,2
2024-06-17,2024-07-12,170,5,2
2024-06-17,2024-07-13,170,5,2
2024-07-29,2024-07-29,210,18,5
2024-07-29,2024-07-30,210,72,7
2024-07-29,2024-07-31,210,35,6
2024-07-29,2024-08-01,210,10,3
2024-07-29,2024-08-02,190,5,2
2024-07-29,2024-08-03,190,5,2
2024-07-29,2024-08-04,190,5,2
2024-07-29,2024-08-05,180,5,2
2024-07-29,2024-08-06,180,5,2
2024-07-29,2024-08-07,185,5,2
2024-07-29,2024-08-08,185,5,2
2024-07-29,2024-08-09,190,5,2
2024-07-29,2024-08-10,190,5,2
2024-07-29,2024-08-11,190,5,2
2024-07-29,2024-08-12,195,5,2
2024-07-29,2024-08-13,195,5,2
2024-07-29,2024-08-14,190,5,2
2024-07-29,2024-08-15,190,5,2
2024-07-29,2024-08-16,190,5,2
2024-07-29,2024-08-17,190,5,2
2024-07-29,2024-08-18,185,5,2
2024-07-29,2024-08-19,180,5,2
2024-07-29,2024-08-20,180,5,2
2024-07-29,2024-08-21,180,5,2
2024-07-29,2024-08-22,180,10,3
2024-07-29,2024-08-23,180,8,3
2024-07-29,2024-08-24,180,5,2
2024-09-09,2024-09-09,225,10,3
2024-09-09,2024-09-10,225,30,6
2024-09-09,2024-09-11,220,22,5
2024-09-09,2024-09-12,220,8,3
2024-09-09,2024-09-13,225,5,2
2024-09-09,2024-09-14,225,5,2
2024-09-09,2024-09-15,220,5,2
2024-09-09,2024-09-16,215,5,2
2024-09-09,2024-09-17,210,8,3
2024-09-09,2024-09-18,210,8,3
2024-09-09,2024-09-19,215,5,2
2024-09-09,2024-09-20,225,5,2
2024-09-09,2024-09-21,225,5,2
2024-09-09,2024-09-22,220,5,2
2024-09-09,2024-09-23,225,5,2
2024-09-09,2024-09-24,225,5,2
2024-09-09,2024-09-25,230,5,2
2024-09-09,2024-09-26,235,25,5
2024-09-09,2024-09-27,230,25,5
2024-09-09,2024-09-28,225,15,4
2024-09-09,2024-09-29,240,10,3
2024-09-09,2024-09-30,240,5,2
2024-09-30,2024-09-30,200,10,4
2024-09-09,2024-10-01,240,5,2
2024-09-30,2024-10-01,200,5,2
2024-09-09,2024-10-02,240,5,2
2024-09-30,2024-10-02,200,5,2
2024-09-09,2024-10-03,230,5,2
2024-09-30,2024-10-03,205,5,2
2024-09-09,2024-10-04,220,5,2
2024-09-30,2024-10-04,205,5,2
2024-09-09,2024-10-05,220,10,3
2024-09-30,2024-10-05,205,10,4
2024-09-30,2024-10-06,205,10,4
2024-09-30,2024-10-07,205,5,2
2024-10-07,2024-10-07,265,28,5
2024-09-30,2024-10-08,205,5,2
2024-10-07,2024-10-08,260,12,4
2024-09-30,2024-10-09,200,5,2
2024-10-07,2024-10-09,255,5,2
2024-09-30,2024-10-10,185,10,4
2024-10-07,2024-10-10,250,5,2
2024-09-30,2024-10-11,175,20,5
2024-10-07,2024-10-11,240,5,2
2024-09-30,2024-10-12,175,19,5
2024-10-07,2024-10-12,235,8,3
2024-09-30,2024-10-13,175,5,2
2024-10-07,2024-10-13,230,5,2
2024-10-07,2024-10-14,175,5,2
2024-09-30,2024-10-14,175,5,2
2024-09-30,2024-10-15,175,5,2
2024-10-07,2024-10-15,175,5,2
2024-09-30,2024-10-16,175,5,2
2024-10-07,2024-10-16,175,5,2
2024-09-30,2024-10-17,170,5,2
2024-10-07,2024-10-17,170,5,2
2024-09-30,2024-10-18,170,5,2
2024-10-07,2024-10-18,170,5,2
2024-10-07,2024-10-19,170,5,2
2024-09-30,2024-10-19,170,5,2
2024-10-07,2024-10-20,170,5,2
2024-09-30,2024-10-20,170,5,2
2024-09-30,2024-10-21,170,5,2
2024-10-07,2024-10-21,170,5,2
2024-09-30,2024-10-22,175,28,5
2024-10-07,2024-10-22,175,15,4
2024-09-30,2024-10-23,180,10,3
2024-10-07,2024-10-23,180,10,3
2024-09-30,2024-10-24,185,5,2
2024-10-07,2024-10-24,185,5,2
2024-09-30,2024-10-25,190,5,2
2024-10-07,2024-10-25,190,5,2
2024-09-30,2024-10-26,195,5,2
2024-10-07,2024-10-26,195,12,4
2024-10-07,2024-10-27,215,8,3
2024-10-07,2024-10-28,230,5,2
2024-10-07,2024-10-29,240,5,2
2024-10-07,2024-10-30,250,5,2
2024-10-07,2024-10-31,225,5,2
2024-10-07,2024-11-01,230,5,2
2024-10-07,2024-11-02,215,5,2
2024-11-25,2024-11-25,205,5,2
2024-11-25,2024-11-26,210,5,2
2024-11-25,2024-11-27,210,5,2
2024-11-25,2024-11-28,210,5,2
2024-11-25,2024-11-29,210,8,3
2024-11-25,2024-11-30,205,8,3
2024-11-25,2024-12-01,205,5,2
2024-11-25,2024-12-02,205,5,2
2024-11-25,2024-12-03,205,5,2
2024-11-25,2024-12-04,205,7,2
2024-11-25,2024-12-05,205,5,2
2024-11-25,2024-12-06,210,12,4
2024-11-25,2024-12-07,215,12,4
2024-11-25,2024-12-08,220,10,3
2024-11-25,2024-12-09,215,5,2
2024-11-25,2024-12-10,215,5,2
2024-11-25,2024-12-11,215,10,3
2024-11-25,2024-12-12,215,15,3
2024-11-25,2024-12-13,210,10,3
2024-11-25,2024-12-14,215,8,3
2024-11-25,2024-12-15,215,5,2
2024-11-25,2024-12-16,215,8,3
2024-12-16,2024-12-16,170,8,3
2024-11-25,2024-12-17,215,8,3
2024-12-16,2024-12-17,165,5,2
2024-12-16,2024-12-18,165,5,2
2024-11-25,2024-12-18,220,8,3
2024-11-25,2024-12-19,215,12,3
2024-12-16,2024-12-19,170,5,2
2024-11-25,2024-12-20,205,8,3
2024-12-16,2024-12-20,170,5,2
2024-12-16,2024-12-21,175,5,2
2024-11-25,2024-12-21,205,5,2
2024-12-16,2024-12-22,175,5,2
2024-12-16,2024-12-23,180,5,2
2024-12-16,2024-12-24,180,5,2
2024-12-16,2024-12-25,180,5,2
2024-12-16,2024-12-26,180,5,2
2024-12-16,2024-12-27,180,5,2
2024-12-16,2024-12-28,185,5,2
2024-12-16,2024-12-29,185,5,2
2024-12-16,2024-12-30,180,5,2
2024-12-16,2024-12-31,180,5,2
2024-12-16,2025-01-01,180,5,2
2024-12-16,2025-01-02,180,5,2
2024-12-16,2025-01-03,175,5,2
2024-12-16,2025-01-04,175,5,2
2024-12-16,2025-01-05,170,15,4
2024-12-16,2025-01-06,170,8,3
2024-12-16,2025-01-07,160,5,2
2024-12-16,2025-01-08,160,5,2
2024-12-16,2025-01-09,165,5,2
2024-12-16,2025-01-10,170,12,4
2024-12-16,2025-01-11,165,10,3
2025-01-13,2025-01-13,150,6,2
2025-01-13,2025-01-14,145,8,3
2025-01-13,2025-01-15,145,10,3
2025-01-13,2025-01-16,145,6,2
2025-01-13,2025-01-17,150,8,3
2025-01-13,2025-01-18,155,10,3
2025-01-13,2025-01-19,155,8,3
2025-01-13,2025-01-20,160,8,3
2025-01-13,2025-01-21,160,5,2
2025-01-13,2025-01-22,165,5,2
2025-01-13,2025-01-23,165,5,2
2025-01-13,2025-01-24,165,5,2
2025-01-13,2025-01-25,170,5,2
2025-01-13,2025-01-26,170,5,2
2025-01-13,2025-01-27,175,5,2
2025-01-13,2025-01-28,175,5,2
2025-01-13,2025-01-29,170,5,2
2025-01-13,2025-01-30,170,5,2
2025-01-13,2025-01-31,165,20,5
2025-01-13,2025-02-01,160,20,5
2025-01-13,2025-02-02,155,20,5
2025-02-03,2025-02-03,215,14,3
2025-01-13,2025-02-03,155,15,4
2025-01-13,2025-02-04,150,12,4
2025-02-03,2025-02-04,215,18,4
2025-01-13,2025-02-05,150,12,4
2025-02-03,2025-02-05,215,8,3
2025-01-13,2025-02-06,150,10,3
2025-02-03,2025-02-06,215,10,3
2025-02-03,2025-02-07,210,5,2
2025-01-13,2025-02-07,145,5,2
2025-01-13,2025-02-08,145,5,2
2025-02-03,2025-02-08,210,5,2
2025-02-03,2025-02-09,200,5,2
2025-02-03,2025-02-10,200,10,3
2025-02-03,2025-02-11,195,15,3
2025-02-03,2025-02-12,195,15,4
2025-02-03,2025-02-13,195,20,5
2025-02-03,2025-02-14,190,10,3
2025-02-03,2025-02-15,180,15,4
2025-02-03,2025-02-16,180,20,4
2025-02-03,2025-02-17,185,10,3
2025-02-03,2025-02-18,185,10,3
2025-02-03,2025-02-19,180,10,3
2025-02-03,2025-02-20,180,5,2
2025-02-03,2025-02-21,175,5,2
2025-02-03,2025-02-22,185,5,2
2025-02-03,2025-02-23,190,5,2
2025-02-03,2025-02-24,190,5,2
2025-02-24,2025-02-24,210,8,3
2025-02-24,2025-02-25,210,8,3
2025-02-03,2025-02-25,185,5,2
2025-02-03,2025-02-26,185,5,2
2025-02-24,2025-02-26,210,6,2
2025-02-03,2025-02-27,195,10,3
2025-02-24,2025-02-27,200,10,3
2025-02-03,2025-02-28,205,25,5
2025-02-24,2025-02-28,195,12,4
2025-02-03,2025-03-01,210,25,5
2025-02-24,2025-03-01,195,10,3
2025-02-24,2025-03-02,190,8,3
2025-02-24,2025-03-03,190,5,2
2025-02-24,2025-03-04,190,5,2
2025-02-24,2025-03-05,190,5,2
2025-02-24,2025-03-06,185,5,2
2025-02-24,2025-03-07,180,10,3
2025-02-24,2025-03-08,170,10,3
2025-02-24,2025-03-09,160,25,5
2025-02-24,2025-03-10,155,15,3
2025-02-24,2025-03-11,160,15,3
2025-02-24,2025-03-12,170,25,5
2025-02-24,2025-03-13,180,30,5
2025-02-24,2025-03-14,185,30,5
2025-02-24,2025-03-15,185,20,4
2025-02-24,2025-03-16,185,18,4
2025-02-24,2025-03-17,180,15,3
2025-03-17,2025-03-17,180,12,4
2025-02-24,2025-03-18,180,20,4
2025-03-17,2025-03-18,180,15,4
2025-02-24,2025-03-19,185,8,3
2025-03-17,2025-03-19,185,10,3
2025-02-24,2025-03-20,190,5,2
2025-03-17,2025-03-20,190,10,3
2025-02-24,2025-03-21,195,5,2
2025-03-17,2025-03-21,195,8,3
2025-02-24,2025-03-22,200,5,2
2025-03-17,2025-03-22,200,5,2
2025-03-17,2025-03-23,195,5,2
2025-03-17,2025-03-24,190,5,2
2025-03-17,2025-03-25,180,15,4
2025-03-17,2025-03-26,165,25,5
2025-03-17,2025-03-27,160,25,5
2025-03-17,2025-03-28,150,15,4
2025-03-17,2025-03-29,150,5,2
2025-03-17,2025-03-30,160,5,2
2025-03-17,2025-03-31,160,5,2
2025-03-31,2025-03-31,170,5,2
2025-03-17,2025-04-01,160,5,2
2025-03-31,2025-04-01,175,5,2
2025-03-17,2025-04-02,150,5,2
2025-03-31,2025-04-02,175,5,2
2025-03-17,2025-04-03,150,10,3
2025-03-31,2025-04-03,175,10,3
2025-03-31,2025-04-04,180,20,5
2025-03-17,2025-04-04,155,20,5
2025-03-17,2025-04-05,160,35,6
2025-03-31,2025-04-05,180,35,6
2025-03-17,2025-04-06,160,10,3
2025-03-31,2025-04-06,180,10,3
2025-03-17,2025-04-07,160,12,4
2025-03-31,2025-04-07,185,12,3
2025-03-31,2025-04-08,185,30,5
2025-03-17,2025-04-08,165,35,6
2025-03-31,2025-04-09,180,35,6
2025-03-17,2025-04-09,175,40,6
2025-03-31,2025-04-10,175,25,5
2025-03-17,2025-04-10,180,25,5
2025-03-17,2025-04-11,180,20,5
2025-03-31,2025-04-11,175,18,4
2025-03-17,2025-04-12,185,10,3
2025-03-31,2025-04-12,175,10,3
2025-03-31,2025-04-13,175,15,4
2025-03-31,2025-04-14,170,12,3
2025-03-31,2025-04-15,170,8,3
2025-03-31,2025-04-16,175,5,2
2025-03-31,2025-04-17,175,10,3
2025-03-31,2025-04-18,175,12,3
2025-03-31,2025-04-19,170,8,3
2025-03-31,2025-04-20,170,10,3
2025-03-31,2025-04-21,165,15,4
2025-04-21,2025-04-21,160,12,4
2025-03-31,2025-04-22,165,15,4
2025-04-21,2025-04-22,165,35,6
2025-03-31,2025-04-23,170,15,4
2025-04-21,2025-04-23,165,35,6
2025-03-31,2025-04-24,170,15,4
2025-04-21,2025-04-24,165,25,5
2025-03-31,2025-04-25,165,10,3
2025-04-21,2025-04-25,165,18,5
2025-03-31,2025-04-26,165,8,3
2025-04-21,2025-04-26,165,8,3
2025-04-21,2025-04-27,165,8,3
2025-04-21,2025-04-28,170,6,2
2025-04-21,2025-04-29,170,6,2
2025-04-21,2025-04-30,170,6,2
2025-04-21,2025-05-01,170,25,5
2025-04-21,2025-05-02,175,35,6
2025-04-21,2025-05-03,170,20,4
2025-04-21,2025-05-04,165,12,4
2025-04-21,2025-05-05,165,25,5
2025-04-21,2025-05-06,165,20,5
2025-04-21,2025-05-07,160,18,5
2025-04-21,2025-05-08,165,18,5
2025-04-21,2025-05-09,165,18,5
2025-04-21,2025-05-10,165,15,5
2025-04-21,2025-05-11,160,18,5
2025-04-21,2025-05-12,155,5,2
2025-05-12,2025-05-12,125,8,5
2025-04-21,2025-05-13,155,5,2
2025-05-12,2025-05-13,120,12,4
2025-05-12,2025-05-14,120,10,3
2025-04-21,2025-05-14,155,5,2
2025-04-21,2025-05-15,155,5,2
2025-05-12,2025-05-15,115,5,2
2025-04-21,2025-05-16,155,12,4
2025-05-12,2025-05-16,115,5,2
2025-04-21,2025-05-17,155,12,4
2025-05-12,2025-05-17,115,5,2
2025-05-12,2025-05-18,115,8,3
2025-05-12,2025-05-19,120,10,4
2025-05-12,2025-05-20,125,8,3
2025-05-12,2025-05-21,125,8,3
2025-05-12,2025-05-22,125,6,2
2025-05-12,2025-05-23,130,6,2
2025-05-12,2025-05-24,130,6,2
2025-05-12,2025-05-25,130,5,2
2025-05-12,2025-05-26,135,5,2
2025-05-12,2025-05-27,140,8,3
2025-05-12,2025-05-28,140,25,5
2025-05-12,2025-05-29,140,30,5
2025-05-12,2025-05-30,140,20,5
2025-05-12,2025-05-31,140,20,5
2025-05-12,2025-06-01,145,20,5
2025-05-12,2025-06-02,145,12,4
2025-06-02,2025-06-02,150,85,8
2025-05-12,2025-06-03,145,8,3
2025-06-02,2025-06-03,150,35,5
2025-06-02,2025-06-04,150,18,4
2025-05-12,2025-06-04,145,10,4
2025-05-12,2025-06-05,140,12,4
2025-06-02,2025-06-05,150,20,4
2025-05-12,2025-06-06,130,10,4
2025-06-02,2025-06-06,155,15,3
2025-06-02,2025-06-07,155,10,3
2025-05-12,2025-06-07,125,10,4
2025-06-02,2025-06-08,155,8,3
2025-06-02,2025-06-09,155,5,2
2025-06-09,2025-06-09,115,22,5
2025-06-02,2025-06-10,155,15,4
2025-06-09,2025-06-10,115,12,4
2025-06-02,2025-06-11,150,12,4
2025-06-09,2025-06-11,115,12,4
2025-06-02,2025-06-12,150,10,3
2025-06-09,2025-06-12,120,8,3
2025-06-02,2025-06-13,155,35,6
2025-06-09,2025-06-13,120,15,4
2025-06-02,2025-06-14,155,25,5
2025-06-09,2025-06-14,120,32,6
2025-06-02,2025-06-15,155,18,4
2025-06-09,2025-06-15,118,22,5
2025-06-09,2025-06-16,120,15,4
2025-06-02,2025-06-16,160,15,4
2025-06-09,2025-06-17,120,12,4
2025-06-02,2025-06-17,160,12,4
2025-06-09,2025-06-18,125,10,3
2025-06-02,2025-06-18,155,10,3
2025-06-09,2025-06-19,130,8,3
2025-06-02,2025-06-19,155,8,3
2025-06-09,2025-06-20,130,8,3
2025-06-02,2025-06-20,160,8,3
2025-06-09,2025-06-21,130,8,3
2025-06-02,2025-06-21,155,8,3
2025-06-09,2025-06-22,125,8,3
2025-06-02,2025-06-22,150,8,3
2025-06-09,2025-06-23,125,12,4
2025-06-02,2025-06-23,145,12,4
2025-06-09,2025-06-24,125,15,4
2025-06-02,2025-06-24,140,15,4
2025-06-02,2025-06-25,140,35,6
2025-06-09,2025-06-25,130,35,6
2025-06-02,2025-06-26,130,25,5
2025-06-09,2025-06-26,125,25,5
2025-06-02,2025-06-27,130,12,4
2025-06-09,2025-06-27,125,12,4
2025-06-09,2025-06-28,120,8,3
2025-06-02,2025-06-28,125,8,3
2025-06-09,2025-06-29,115,6,3
2025-06-09,2025-06-30,115,6,3
2025-06-09,2025-07-01,115,10,3
2025-06-09,2025-07-02,110,12,4
2025-06-09,2025-07-03,110,8,3
2025-06-09,2025-07-04,110,5,2
2025-06-09,2025-07-05,115,5,2
