forecast_date,issued_date,max_Kp,G_scale,S1_prob,R1_R2_prob,R3_prob,rationale_keywords
2022-12-16,2022-12-17,3.33,0.0,0.1,0.7,0.15,storm
2022-12-17,2022-12-17,3.33,0.0,0.1,0.7,0.15,storm
2022-12-18,2022-12-17,3.33,0.0,0.1,0.7,0.15,storm
2022-12-19,2022-12-17,3.33,0.0,0.1,0.7,0.15,storm
2022-12-20,,3.33,0.0,0.1,0.7,0.15,storm
2022-12-21,,3.33,0.0,0.1,0.7,0.15,storm
2022-12-22,,3.33,0.0,0.1,0.7,0.15,storm
2022-12-23,,3.33,0.0,0.1,0.7,0.15,storm
2022-12-24,,3.33,0.0,0.1,0.7,0.15,storm
2022-12-25,,3.33,0.0,0.1,0.7,0.15,storm
2022-12-26,,3.33,0.0,0.1,0.7,0.15,storm
2022-12-27,,3.33,0.0,0.1,0.7,0.15,storm
2022-12-28,,3.33,0.0,0.1,0.7,0.15,storm
2022-12-29,,3.33,0.0,0.1,0.7,0.15,storm
2022-12-30,,3.33,0.0,0.1,0.7,0.15,storm
2022-12-31,,3.33,0.0,0.1,0.7,0.15,storm
2023-01-01,,3.33,0.0,0.1,0.7,0.15,storm
2023-01-02,,3.33,0.0,0.1,0.7,0.15,storm
2023-01-03,,3.33,0.0,0.1,0.7,0.15,storm
2023-01-04,,3.33,0.0,0.1,0.7,0.15,storm
2023-01-05,,3.33,0.0,0.1,0.7,0.15,storm
2023-01-06,,3.33,0.0,0.1,0.7,0.15,storm
2023-01-07,,3.33,0.0,0.1,0.7,0.15,storm
2023-01-08,,3.33,0.0,0.1,0.7,0.15,storm
2023-01-09,,3.33,0.0,0.1,0.7,0.15,storm
2023-01-10,,3.33,0.0,0.1,0.7,0.15,storm
2023-01-11,,3.33,0.0,0.1,0.7,0.15,storm
2023-01-12,,3.33,0.0,0.1,0.7,0.15,storm
2023-01-13,,3.33,0.0,0.1,0.7,0.15,storm
2023-01-14,,3.33,0.0,0.1,0.7,0.15,storm
2023-01-15,,3.33,0.0,0.1,0.7,0.15,storm
2023-01-16,,3.33,0.0,0.1,0.7,0.15,storm
2023-01-17,,3.33,0.0,0.1,0.7,0.15,storm
2023-01-18,,3.33,0.0,0.1,0.7,0.15,storm
2023-01-19,,3.33,0.0,0.1,0.7,0.15,storm
2023-01-20,,3.33,0.0,0.1,0.7,0.15,storm
2023-01-21,,3.33,0.0,0.1,0.7,0.15,storm
2023-01-22,,3.33,0.0,0.1,0.7,0.15,storm
2023-01-23,,3.33,0.0,0.1,0.7,0.15,storm
2023-01-24,,3.33,0.0,0.1,0.7,0.15,storm
2023-01-25,,3.33,0.0,0.1,0.7,0.15,storm
2023-01-26,,3.33,0.0,0.1,0.7,0.15,storm
2023-01-27,,3.33,0.0,0.1,0.7,0.15,storm
2023-01-28,,3.33,0.0,0.1,0.7,0.15,storm
2023-01-29,,3.33,0.0,0.1,0.7,0.15,storm
2023-01-30,,3.33,0.0,0.1,0.7,0.15,storm
2023-01-31,,3.33,0.0,0.1,0.7,0.15,storm
2023-02-01,,3.33,0.0,0.1,0.7,0.15,storm
2023-02-02,,3.33,0.0,0.1,0.7,0.15,storm
2023-02-03,,3.33,0.0,0.1,0.7,0.15,storm
2023-02-04,,3.33,0.0,0.1,0.7,0.15,storm
2023-02-05,,3.33,0.0,0.1,0.7,0.15,storm
2023-02-06,,3.33,0.0,0.1,0.7,0.15,storm
2023-02-07,,3.33,0.0,0.1,0.7,0.15,storm
2023-02-08,,3.33,0.0,0.1,0.7,0.15,storm
2023-02-09,,3.33,0.0,0.1,0.7,0.15,storm
2023-02-10,,3.33,0.0,0.1,0.7,0.15,storm
2023-02-11,,3.33,0.0,0.1,0.7,0.15,storm
2023-02-12,,3.33,0.0,0.1,0.7,0.15,storm
2023-02-13,,3.33,0.0,0.1,0.7,0.15,storm
2023-02-14,,3.33,0.0,0.1,0.7,0.15,storm
2023-02-15,,3.33,0.0,0.1,0.7,0.15,storm
2023-02-16,,3.33,0.0,0.1,0.7,0.15,storm
2023-02-17,,3.33,0.0,0.1,0.7,0.15,storm
2023-02-18,,3.33,0.0,0.1,0.7,0.15,storm
2023-02-19,,3.33,0.0,0.1,0.7,0.15,storm
2023-02-20,,3.33,0.0,0.1,0.7,0.15,storm
2023-02-21,,3.33,0.0,0.1,0.7,0.15,storm
2023-02-22,,3.33,0.0,0.1,0.7,0.15,storm
2023-02-23,,3.33,0.0,0.1,0.7,0.15,storm
2023-02-24,,3.33,0.0,0.1,0.7,0.15,storm
2023-02-25,,3.33,0.0,0.1,0.7,0.15,storm
2023-02-26,,3.33,0.0,0.1,0.7,0.15,storm
2023-02-27,2023-02-27,7.0,3.0,0.15,0.65,0.15,"cme,ch hss,storm"
2023-02-28,2023-02-27,7.0,3.0,0.15,0.65,0.15,"cme,ch hss,storm"
2023-03-01,2023-02-27,7.0,3.0,0.15,0.65,0.15,"cme,ch hss,storm"
2023-03-02,,7.0,3.0,0.15,0.65,0.15,"cme,ch hss,storm"
2023-03-03,,7.0,3.0,0.15,0.65,0.15,"cme,ch hss,storm"
2023-03-04,,7.0,3.0,0.15,0.65,0.15,"cme,ch hss,storm"
2023-03-05,2023-03-06,4.67,0.0,0.01,0.55,0.1,storm
2023-03-06,2023-03-06,4.67,0.0,0.01,0.55,0.1,storm
2023-03-07,2023-03-06,4.67,0.0,0.01,0.55,0.1,storm
2023-03-08,2023-03-06,4.67,0.0,0.01,0.55,0.1,storm
2023-03-09,,4.67,0.0,0.01,0.55,0.1,storm
2023-03-10,,4.67,0.0,0.01,0.55,0.1,storm
2023-03-11,,4.67,0.0,0.01,0.55,0.1,storm
2023-03-12,2023-03-12,3.33,0.0,0.01,0.15,0.01,storm
2023-03-13,2023-03-12,3.33,0.0,0.01,0.15,0.01,storm
2023-03-14,2023-03-12,3.33,0.0,0.01,0.15,0.01,storm
2023-03-15,,3.33,0.0,0.01,0.15,0.01,storm
2023-03-16,,3.33,0.0,0.01,0.15,0.01,storm
2023-03-17,,3.33,0.0,0.01,0.15,0.01,storm
2023-03-18,,3.33,0.0,0.01,0.15,0.01,storm
2023-03-19,,3.33,0.0,0.01,0.15,0.01,storm
2023-03-20,,3.33,0.0,0.01,0.15,0.01,storm
2023-03-21,,3.33,0.0,0.01,0.15,0.01,storm
2023-03-22,,3.33,0.0,0.01,0.15,0.01,storm
2023-03-23,,3.33,0.0,0.01,0.15,0.01,storm
2023-03-24,2023-03-24,7.67,3.0,0.01,0.1,0.01,"cme,ch hss,storm"
2023-03-25,2023-03-24,7.67,3.0,0.01,0.1,0.01,"cme,ch hss,storm"
2023-03-26,2023-03-24,7.67,3.0,0.01,0.1,0.01,"cme,ch hss,storm"
2023-03-27,,7.67,3.0,0.01,0.1,0.01,"cme,ch hss,storm"
2023-03-28,,7.67,3.0,0.01,0.1,0.01,"cme,ch hss,storm"
2023-03-29,,7.67,3.0,0.01,0.1,0.01,"cme,ch hss,storm"
2023-03-30,,7.67,3.0,0.01,0.1,0.01,"cme,ch hss,storm"
2023-03-31,,7.67,3.0,0.01,0.1,0.01,"cme,ch hss,storm"
2023-04-01,,7.67,3.0,0.01,0.1,0.01,"cme,ch hss,storm"
2023-04-02,,7.67,3.0,0.01,0.1,0.01,"cme,ch hss,storm"
2023-04-03,2023-04-03,4.0,0.0,0.01,0.1,0.01,storm
2023-04-04,2023-04-03,4.0,0.0,0.01,0.1,0.01,storm
2023-04-05,2023-04-03,4.0,0.0,0.01,0.1,0.01,storm
2023-04-06,,4.0,0.0,0.01,0.1,0.01,storm
2023-04-07,,4.0,0.0,0.01,0.1,0.01,storm
2023-04-08,,4.0,0.0,0.01,0.1,0.01,storm
2023-04-09,,4.0,0.0,0.01,0.1,0.01,storm
2023-04-10,,4.0,0.0,0.01,0.1,0.01,storm
2023-04-11,,4.0,0.0,0.01,0.1,0.01,storm
2023-04-12,,4.0,0.0,0.01,0.1,0.01,storm
2023-04-13,,4.0,0.0,0.01,0.1,0.01,storm
2023-04-14,,4.0,0.0,0.01,0.1,0.01,storm
2023-04-15,,4.0,0.0,0.01,0.1,0.01,storm
2023-04-16,,4.0,0.0,0.01,0.1,0.01,storm
2023-04-17,,4.0,0.0,0.01,0.1,0.01,storm
2023-04-18,,4.0,0.0,0.01,0.1,0.01,storm
2023-04-19,,4.0,0.0,0.01,0.1,0.01,storm
2023-04-20,,4.0,0.0,0.01,0.1,0.01,storm
2023-04-21,,4.0,0.0,0.01,0.1,0.01,storm
2023-04-22,,4.0,0.0,0.01,0.1,0.01,storm
2023-04-23,,4.0,0.0,0.01,0.1,0.01,storm
2023-04-24,2023-04-24,8.0,4.0,0.01,0.25,0.01,cme
2023-04-25,2023-04-24,8.0,4.0,0.01,0.25,0.01,cme
2023-04-26,2023-04-24,8.0,4.0,0.01,0.25,0.01,cme
2023-04-27,2023-04-27,5.0,1.0,0.01,0.1,0.01,"cme,ch hss,storm"
2023-04-28,2023-04-27,5.0,1.0,0.01,0.1,0.01,"cme,ch hss,storm"
2023-04-29,2023-04-27,5.0,1.0,0.01,0.1,0.01,"cme,ch hss,storm"
2023-04-30,,5.0,1.0,0.01,0.1,0.01,"cme,ch hss,storm"
2023-05-01,,5.0,1.0,0.01,0.1,0.01,"cme,ch hss,storm"
2023-05-02,,5.0,1.0,0.01,0.1,0.01,"cme,ch hss,storm"
2023-05-03,,5.0,1.0,0.01,0.1,0.01,"cme,ch hss,storm"
2023-05-04,,5.0,1.0,0.01,0.1,0.01,"cme,ch hss,storm"
2023-05-05,,5.0,1.0,0.01,0.1,0.01,"cme,ch hss,storm"
2023-05-06,,5.0,1.0,0.01,0.1,0.01,"cme,ch hss,storm"
2023-05-07,,5.0,1.0,0.01,0.1,0.01,"cme,ch hss,storm"
2023-05-08,,5.0,1.0,0.01,0.1,0.01,"cme,ch hss,storm"
2023-05-09,,5.0,1.0,0.01,0.1,0.01,"cme,ch hss,storm"
2023-05-10,,5.0,1.0,0.01,0.1,0.01,"cme,ch hss,storm"
2023-05-11,2023-05-12,5.67,1.0,0.5,0.55,0.2,"cme,storm"
2023-05-12,2023-05-12,5.67,1.0,0.5,0.55,0.2,"cme,storm"
2023-05-13,2023-05-12,5.67,1.0,0.5,0.55,0.2,"cme,storm"
2023-05-14,2023-05-12,5.67,1.0,0.5,0.55,0.2,"cme,storm"
2023-05-15,,5.67,1.0,0.5,0.55,0.2,"cme,storm"
2023-05-16,,5.67,1.0,0.5,0.55,0.2,"cme,storm"
2023-05-17,,5.67,1.0,0.5,0.55,0.2,"cme,storm"
2023-05-18,,5.67,1.0,0.5,0.55,0.2,"cme,storm"
2023-05-19,,5.67,1.0,0.5,0.55,0.2,"cme,storm"
2023-05-20,,5.67,1.0,0.5,0.55,0.2,"cme,storm"
2023-05-21,,5.67,1.0,0.5,0.55,0.2,"cme,storm"
2023-05-22,,5.67,1.0,0.5,0.55,0.2,"cme,storm"
2023-05-23,2023-05-24,5.0,1.0,0.1,0.5,0.1,"ch hss,storm"
2023-05-24,2023-05-24,5.0,1.0,0.1,0.5,0.1,"ch hss,storm"
2023-05-25,2023-05-24,5.0,1.0,0.1,0.5,0.1,"ch hss,storm"
2023-05-26,2023-05-24,5.0,1.0,0.1,0.5,0.1,"ch hss,storm"
2023-05-27,,5.0,1.0,0.1,0.5,0.1,"ch hss,storm"
2023-05-28,,5.0,1.0,0.1,0.5,0.1,"ch hss,storm"
2023-05-29,,5.0,1.0,0.1,0.5,0.1,"ch hss,storm"
2023-05-30,,5.0,1.0,0.1,0.5,0.1,"ch hss,storm"
2023-05-31,,5.0,1.0,0.1,0.5,0.1,"ch hss,storm"
2023-06-01,,5.0,1.0,0.1,0.5,0.1,"ch hss,storm"
2023-06-02,,5.0,1.0,0.1,0.5,0.1,"ch hss,storm"
2023-06-03,,5.0,1.0,0.1,0.5,0.1,"ch hss,storm"
2023-06-04,,5.0,1.0,0.1,0.5,0.1,"ch hss,storm"
2023-06-05,,5.0,1.0,0.1,0.5,0.1,"ch hss,storm"
2023-06-06,,5.0,1.0,0.1,0.5,0.1,"ch hss,storm"
2023-06-07,,5.0,1.0,0.1,0.5,0.1,"ch hss,storm"
2023-06-08,,5.0,1.0,0.1,0.5,0.1,"ch hss,storm"
2023-06-09,,5.0,1.0,0.1,0.5,0.1,"ch hss,storm"
2023-06-10,,5.0,1.0,0.1,0.5,0.1,"ch hss,storm"
2023-06-11,,5.0,1.0,0.1,0.5,0.1,"ch hss,storm"
2023-06-12,,5.0,1.0,0.1,0.5,0.1,"ch hss,storm"
2023-06-13,,5.0,1.0,0.1,0.5,0.1,"ch hss,storm"
2023-06-14,,5.0,1.0,0.1,0.5,0.1,"ch hss,storm"
2023-06-15,,5.0,1.0,0.1,0.5,0.1,"ch hss,storm"
2023-06-16,,5.0,1.0,0.1,0.5,0.1,"ch hss,storm"
2023-06-17,,5.0,1.0,0.1,0.5,0.1,"ch hss,storm"
2023-06-18,,5.0,1.0,0.1,0.5,0.1,"ch hss,storm"
2023-06-19,,5.0,1.0,0.1,0.5,0.1,"ch hss,storm"
2023-06-20,,5.0,1.0,0.1,0.5,0.1,"ch hss,storm"
2023-06-21,,5.0,1.0,0.1,0.5,0.1,"ch hss,storm"
2023-06-22,2023-06-23,4.0,0.0,0.05,0.4,0.1,storm
2023-06-23,2023-06-23,4.0,0.0,0.05,0.4,0.1,storm
2023-06-24,2023-06-23,4.0,0.0,0.05,0.4,0.1,storm
2023-06-25,2023-06-23,4.0,0.0,0.05,0.4,0.1,storm
2023-06-26,,4.0,0.0,0.05,0.4,0.1,storm
2023-06-27,,4.0,0.0,0.05,0.4,0.1,storm
2023-06-28,,4.0,0.0,0.05,0.4,0.1,storm
2023-06-29,,4.0,0.0,0.05,0.4,0.1,storm
2023-06-30,,4.0,0.0,0.05,0.4,0.1,storm
2023-07-01,,4.0,0.0,0.05,0.4,0.1,storm
2023-07-02,,4.0,0.0,0.05,0.4,0.1,storm
2023-07-03,,4.0,0.0,0.05,0.4,0.1,storm
2023-07-04,,4.0,0.0,0.05,0.4,0.1,storm
2023-07-05,,4.0,0.0,0.05,0.4,0.1,storm
2023-07-06,,4.0,0.0,0.05,0.4,0.1,storm
2023-07-07,,4.0,0.0,0.05,0.4,0.1,storm
2023-07-08,,4.0,0.0,0.05,0.4,0.1,storm
2023-07-09,,4.0,0.0,0.05,0.4,0.1,storm
2023-07-10,,4.0,0.0,0.05,0.4,0.1,storm
2023-07-11,,4.0,0.0,0.05,0.4,0.1,storm
2023-07-12,,4.0,0.0,0.05,0.4,0.1,storm
2023-07-13,,4.0,0.0,0.05,0.4,0.1,storm
2023-07-14,,4.0,0.0,0.05,0.4,0.1,storm
2023-07-15,,4.0,0.0,0.05,0.4,0.1,storm
2023-07-16,2023-07-16,4.67,0.0,0.99,0.4,0.1,"cme,storm"
2023-07-17,2023-07-16,4.67,0.0,0.99,0.4,0.1,"cme,storm"
2023-07-18,2023-07-16,4.67,0.0,0.99,0.4,0.1,"cme,storm"
2023-07-19,,4.67,0.0,0.99,0.4,0.1,"cme,storm"
2023-07-20,,4.67,0.0,0.99,0.4,0.1,"cme,storm"
2023-07-21,,4.67,0.0,0.99,0.4,0.1,"cme,storm"
2023-07-22,,4.67,0.0,0.99,0.4,0.1,"cme,storm"
2023-07-23,,4.67,0.0,0.99,0.4,0.1,"cme,storm"
2023-07-24,,4.67,0.0,0.99,0.4,0.1,"cme,storm"
2023-07-25,,4.67,0.0,0.99,0.4,0.1,"cme,storm"
2023-07-26,,4.67,0.0,0.99,0.4,0.1,"cme,storm"
2023-07-27,,4.67,0.0,0.99,0.4,0.1,"cme,storm"
2023-07-28,,4.67,0.0,0.99,0.4,0.1,"cme,storm"
2023-07-29,,4.67,0.0,0.99,0.4,0.1,"cme,storm"
2023-07-30,2023-07-31,5.33,1.0,0.3,0.55,0.05,"cme,storm"
2023-07-31,2023-07-31,5.33,1.0,0.3,0.55,0.05,"cme,storm"
2023-08-01,2023-07-31,5.33,1.0,0.3,0.55,0.05,"cme,storm"
2023-08-02,2023-07-31,5.33,1.0,0.3,0.55,0.05,"cme,storm"
2023-08-03,,5.33,1.0,0.3,0.55,0.05,"cme,storm"
2023-08-04,2023-08-04,5.0,1.0,0.1,0.55,0.1,"cme,storm"
2023-08-05,2023-08-04,5.0,1.0,0.1,0.55,0.1,"cme,storm"
2023-08-06,2023-08-04,5.0,1.0,0.1,0.55,0.1,"cme,storm"
2023-08-07,2023-08-08,5.67,1.0,0.99,0.55,0.1,storm
2023-08-08,2023-08-08,5.67,1.0,0.99,0.55,0.1,storm
2023-08-09,2023-08-08,5.67,1.0,0.99,0.55,0.1,storm
2023-08-10,2023-08-08,5.67,1.0,0.99,0.55,0.1,storm
2023-08-11,,5.67,1.0,0.99,0.55,0.1,storm
2023-08-12,2023-08-12,2.67,0.0,0.15,0.25,0.05,storm
2023-08-13,2023-08-12,2.67,0.0,0.15,0.25,0.05,storm
2023-08-14,2023-08-12,2.67,0.0,0.15,0.25,0.05,storm
2023-08-15,,2.67,0.0,0.15,0.25,0.05,storm
2023-08-16,,2.67,0.0,0.15,0.25,0.05,storm
2023-08-17,,2.67,0.0,0.15,0.25,0.05,storm
2023-08-18,,2.67,0.0,0.15,0.25,0.05,storm
2023-08-19,,2.67,0.0,0.15,0.25,0.05,storm
2023-08-20,,2.67,0.0,0.15,0.25,0.05,storm
2023-08-21,,2.67,0.0,0.15,0.25,0.05,storm
2023-08-22,,2.67,0.0,0.15,0.25,0.05,storm
2023-08-23,,2.67,0.0,0.15,0.25,0.05,storm
2023-08-24,,2.67,0.0,0.15,0.25,0.05,storm
2023-08-25,,2.67,0.0,0.15,0.25,0.05,storm
2023-08-26,,2.67,0.0,0.15,0.25,0.05,storm
2023-08-27,,2.67,0.0,0.15,0.25,0.05,storm
2023-08-28,,2.67,0.0,0.15,0.25,0.05,storm
2023-08-29,,2.67,0.0,0.15,0.25,0.05,storm
2023-08-30,,2.67,0.0,0.15,0.25,0.05,storm
2023-08-31,,2.67,0.0,0.15,0.25,0.05,storm
2023-09-01,,2.67,0.0,0.15,0.25,0.05,storm
2023-09-02,,2.67,0.0,0.15,0.25,0.05,storm
2023-09-03,,2.67,0.0,0.15,0.25,0.05,storm
2023-09-04,,2.67,0.0,0.15,0.25,0.05,storm
2023-09-05,,2.67,0.0,0.15,0.25,0.05,storm
2023-09-06,,2.67,0.0,0.15,0.25,0.05,storm
2023-09-07,,2.67,0.0,0.15,0.25,0.05,storm
2023-09-08,,2.67,0.0,0.15,0.25,0.05,storm
2023-09-09,,2.67,0.0,0.15,0.25,0.05,storm
2023-09-10,,2.67,0.0,0.15,0.25,0.05,storm
2023-09-11,,2.67,0.0,0.15,0.25,0.05,storm
2023-09-12,,2.67,0.0,0.15,0.25,0.05,storm
2023-09-13,,2.67,0.0,0.15,0.25,0.05,storm
2023-09-14,,2.67,0.0,0.15,0.25,0.05,storm
2023-09-15,,2.67,0.0,0.15,0.25,0.05,storm
2023-09-16,,2.67,0.0,0.15,0.25,0.05,storm
2023-09-17,,2.67,0.0,0.15,0.25,0.05,storm
2023-09-18,,2.67,0.0,0.15,0.25,0.05,storm
2023-09-19,2023-09-20,4.0,0.0,0.01,0.4,0.01,"cme,storm"
2023-09-20,2023-09-20,4.0,0.0,0.01,0.4,0.01,"cme,storm"
2023-09-21,2023-09-20,4.0,0.0,0.01,0.4,0.01,"cme,storm"
2023-09-22,2023-09-20,4.0,0.0,0.01,0.4,0.01,"cme,storm"
2023-09-23,,4.0,0.0,0.01,0.4,0.01,"cme,storm"
2023-09-24,,4.0,0.0,0.01,0.4,0.01,"cme,storm"
2023-09-25,,4.0,0.0,0.01,0.4,0.01,"cme,storm"
2023-09-26,,4.0,0.0,0.01,0.4,0.01,"cme,storm"
2023-09-27,,4.0,0.0,0.01,0.4,0.01,"cme,storm"
2023-09-28,,4.0,0.0,0.01,0.4,0.01,"cme,storm"
2023-09-29,,4.0,0.0,0.01,0.4,0.01,"cme,storm"
2023-09-30,,4.0,0.0,0.01,0.4,0.01,"cme,storm"
2023-10-01,,4.0,0.0,0.01,0.4,0.01,"cme,storm"
2023-10-02,,4.0,0.0,0.01,0.4,0.01,"cme,storm"
2023-10-03,,4.0,0.0,0.01,0.4,0.01,"cme,storm"
2023-10-04,2023-10-04,3.67,0.0,0.05,0.3,0.05,storm
2023-10-05,2023-10-04,3.67,0.0,0.05,0.3,0.05,storm
2023-10-06,2023-10-04,3.67,0.0,0.05,0.3,0.05,storm
2023-10-07,,3.67,0.0,0.05,0.3,0.05,storm
2023-10-08,,3.67,0.0,0.05,0.3,0.05,storm
2023-10-09,,3.67,0.0,0.05,0.3,0.05,storm
2023-10-10,,3.67,0.0,0.05,0.3,0.05,storm
2023-10-11,,3.67,0.0,0.05,0.3,0.05,storm
2023-10-12,,3.67,0.0,0.05,0.3,0.05,storm
2023-10-13,,3.67,0.0,0.05,0.3,0.05,storm
2023-10-14,,3.67,0.0,0.05,0.3,0.05,storm
2023-10-15,,3.67,0.0,0.05,0.3,0.05,storm
2023-10-16,,3.67,0.0,0.05,0.3,0.05,storm
2023-10-17,,3.67,0.0,0.05,0.3,0.05,storm
2023-10-18,,3.67,0.0,0.05,0.3,0.05,storm
2023-10-19,,3.67,0.0,0.05,0.3,0.05,storm
2023-10-20,,3.67,0.0,0.05,0.3,0.05,storm
2023-10-21,,3.67,0.0,0.05,0.3,0.05,storm
2023-10-22,,3.67,0.0,0.05,0.3,0.05,storm
2023-10-23,,3.67,0.0,0.05,0.3,0.05,storm
2023-10-24,,3.67,0.0,0.05,0.3,0.05,storm
2023-10-25,,3.67,0.0,0.05,0.3,0.05,storm
2023-10-26,,3.67,0.0,0.05,0.3,0.05,storm
2023-10-27,,3.67,0.0,0.05,0.3,0.05,storm
2023-10-28,,3.67,0.0,0.05,0.3,0.05,storm
2023-10-29,,3.67,0.0,0.05,0.3,0.05,storm
2023-10-30,,3.67,0.0,0.05,0.3,0.05,storm
2023-10-31,,3.67,0.0,0.05,0.3,0.05,storm
2023-11-01,,3.67,0.0,0.05,0.3,0.05,storm
2023-11-02,,3.67,0.0,0.05,0.3,0.05,storm
2023-11-03,,3.67,0.0,0.05,0.3,0.05,storm
2023-11-04,,3.67,0.0,0.05,0.3,0.05,storm
2023-11-05,,3.67,0.0,0.05,0.3,0.05,storm
2023-11-06,,3.67,0.0,0.05,0.3,0.05,storm
2023-11-07,2023-11-07,5.67,1.0,0.01,0.2,0.05,"ch hss,storm"
2023-11-08,2023-11-07,5.67,1.0,0.01,0.2,0.05,"ch hss,storm"
2023-11-09,2023-11-07,5.67,1.0,0.01,0.2,0.05,"ch hss,storm"
2023-11-10,,5.67,1.0,0.01,0.2,0.05,"ch hss,storm"
2023-11-11,,5.67,1.0,0.01,0.2,0.05,"ch hss,storm"
2023-11-12,,5.67,1.0,0.01,0.2,0.05,"ch hss,storm"
2023-11-13,,5.67,1.0,0.01,0.2,0.05,"ch hss,storm"
2023-11-14,,5.67,1.0,0.01,0.2,0.05,"ch hss,storm"
2023-11-15,,5.67,1.0,0.01,0.2,0.05,"ch hss,storm"
2023-11-16,,5.67,1.0,0.01,0.2,0.05,"ch hss,storm"
2023-11-17,,5.67,1.0,0.01,0.2,0.05,"ch hss,storm"
2023-11-18,,5.67,1.0,0.01,0.2,0.05,"ch hss,storm"
2023-11-19,,5.67,1.0,0.01,0.2,0.05,"ch hss,storm"
2023-11-20,,5.67,1.0,0.01,0.2,0.05,"ch hss,storm"
2023-11-21,,5.67,1.0,0.01,0.2,0.05,"ch hss,storm"
2023-11-22,,5.67,1.0,0.01,0.2,0.05,"ch hss,storm"
2023-11-23,2023-11-23,4.0,0.0,0.05,0.55,0.1,storm
2023-11-24,2023-11-23,4.0,0.0,0.05,0.55,0.1,storm
2023-11-25,2023-11-23,4.0,0.0,0.05,0.55,0.1,storm
2023-11-26,2023-11-26,5.0,1.0,0.05,0.4,0.05,"cme,ch hss,storm"
2023-11-27,2023-11-26,5.0,1.0,0.05,0.4,0.05,"cme,ch hss,storm"
2023-11-28,2023-11-26,5.0,1.0,0.05,0.4,0.05,"cme,ch hss,storm"
2023-11-29,,5.0,1.0,0.05,0.4,0.05,"cme,ch hss,storm"
2023-11-30,,5.0,1.0,0.05,0.4,0.05,"cme,ch hss,storm"
2023-12-01,2023-12-01,7.0,3.0,0.15,0.35,0.1,"cme,storm"
2023-12-02,2023-12-01,7.0,3.0,0.15,0.35,0.1,"cme,storm"
2023-12-03,2023-12-01,7.0,3.0,0.15,0.35,0.1,"cme,storm"
2023-12-04,,7.0,3.0,0.15,0.35,0.1,"cme,storm"
2023-12-05,,7.0,3.0,0.15,0.35,0.1,"cme,storm"
2023-12-06,,7.0,3.0,0.15,0.35,0.1,"cme,storm"
2023-12-07,,7.0,3.0,0.15,0.35,0.1,"cme,storm"
2023-12-08,,7.0,3.0,0.15,0.35,0.1,"cme,storm"
2023-12-09,,7.0,3.0,0.15,0.35,0.1,"cme,storm"
2023-12-10,,7.0,3.0,0.15,0.35,0.1,"cme,storm"
2023-12-11,,7.0,3.0,0.15,0.35,0.1,"cme,storm"
2023-12-12,,7.0,3.0,0.15,0.35,0.1,"cme,storm"
2023-12-13,,7.0,3.0,0.15,0.35,0.1,"cme,storm"
2023-12-14,,7.0,3.0,0.15,0.35,0.1,"cme,storm"
2023-12-15,,7.0,3.0,0.15,0.35,0.1,"cme,storm"
2023-12-16,,7.0,3.0,0.15,0.35,0.1,"cme,storm"
2023-12-17,2023-12-18,4.67,0.0,0.05,0.25,0.05,"cme,storm"
2023-12-18,2023-12-18,4.67,0.0,0.05,0.25,0.05,"cme,storm"
2023-12-19,2023-12-18,4.67,0.0,0.05,0.25,0.05,"cme,storm"
2023-12-20,2023-12-18,4.67,0.0,0.05,0.25,0.05,"cme,storm"
2023-12-21,,4.67,0.0,0.05,0.25,0.05,"cme,storm"
2023-12-22,,4.67,0.0,0.05,0.25,0.05,"cme,storm"
2023-12-23,,4.67,0.0,0.05,0.25,0.05,"cme,storm"
2023-12-24,,4.67,0.0,0.05,0.25,0.05,"cme,storm"
2023-12-25,,4.67,0.0,0.05,0.25,0.05,"cme,storm"
2023-12-26,,4.67,0.0,0.05,0.25,0.05,"cme,storm"
2023-12-27,,4.67,0.0,0.05,0.25,0.05,"cme,storm"
2023-12-28,,4.67,0.0,0.05,0.25,0.05,"cme,storm"
2023-12-29,,4.67,0.0,0.05,0.25,0.05,"cme,storm"
2023-12-30,,4.67,0.0,0.05,0.25,0.05,"cme,storm"
2023-12-31,,4.67,0.0,0.05,0.25,0.05,"cme,storm"
2024-01-01,2024-12-31,6.67,2.0,0.2,0.8,0.25,"cme,storm"
2024-01-02,2024-12-31,6.67,2.0,0.2,0.8,0.25,"cme,storm"
2024-01-03,,6.67,2.0,0.2,0.8,0.25,"cme,storm"
2024-01-04,,6.67,2.0,0.2,0.8,0.25,"cme,storm"
2024-01-05,,6.67,2.0,0.2,0.8,0.25,"cme,storm"
2024-01-06,,6.67,2.0,0.2,0.8,0.25,"cme,storm"
2024-01-07,,6.67,2.0,0.2,0.8,0.25,"cme,storm"
2024-01-08,,6.67,2.0,0.2,0.8,0.25,"cme,storm"
2024-01-09,,6.67,2.0,0.2,0.8,0.25,"cme,storm"
2024-01-10,,6.67,2.0,0.2,0.8,0.25,"cme,storm"
2024-01-11,,6.67,2.0,0.2,0.8,0.25,"cme,storm"
2024-01-12,,6.67,2.0,0.2,0.8,0.25,"cme,storm"
2024-01-13,,6.67,2.0,0.2,0.8,0.25,"cme,storm"
2024-01-14,,6.67,2.0,0.2,0.8,0.25,"cme,storm"
2024-01-15,,6.67,2.0,0.2,0.8,0.25,"cme,storm"
2024-01-16,,6.67,2.0,0.2,0.8,0.25,"cme,storm"
2024-01-17,,6.67,2.0,0.2,0.8,0.25,"cme,storm"
2024-01-18,,6.67,2.0,0.2,0.8,0.25,"cme,storm"
2024-01-19,,6.67,2.0,0.2,0.8,0.25,"cme,storm"
2024-01-20,,6.67,2.0,0.2,0.8,0.25,"cme,storm"
2024-01-21,,6.67,2.0,0.2,0.8,0.25,"cme,storm"
2024-01-22,,6.67,2.0,0.2,0.8,0.25,"cme,storm"
2024-01-23,,6.67,2.0,0.2,0.8,0.25,"cme,storm"
2024-01-24,,6.67,2.0,0.2,0.8,0.25,"cme,storm"
2024-01-25,,6.67,2.0,0.2,0.8,0.25,"cme,storm"
2024-01-26,,6.67,2.0,0.2,0.8,0.25,"cme,storm"
2024-01-27,,6.67,2.0,0.2,0.8,0.25,"cme,storm"
2024-01-28,,6.67,2.0,0.2,0.8,0.25,"cme,storm"
2024-01-29,,6.67,2.0,0.2,0.8,0.25,"cme,storm"
2024-01-30,,6.67,2.0,0.2,0.8,0.25,"cme,storm"
2024-01-31,,6.67,2.0,0.2,0.8,0.25,"cme,storm"
2024-02-01,,6.67,2.0,0.2,0.8,0.25,"cme,storm"
2024-02-02,2024-02-02,4.33,0.0,0.01,0.25,0.01,storm
2024-02-03,2024-02-02,4.33,0.0,0.01,0.25,0.01,storm
2024-02-04,2024-02-02,4.33,0.0,0.01,0.25,0.01,storm
2024-02-05,2024-02-06,4.67,0.0,0.15,0.6,0.25,storm
2024-02-06,2024-02-06,4.67,0.0,0.15,0.6,0.25,storm
2024-02-07,2024-02-06,4.67,0.0,0.15,0.6,0.25,storm
2024-02-08,2024-02-06,4.67,0.0,0.15,0.6,0.25,storm
2024-02-09,,4.67,0.0,0.15,0.6,0.25,storm
2024-02-10,,4.67,0.0,0.15,0.6,0.25,storm
2024-02-11,,4.67,0.0,0.15,0.6,0.25,storm
2024-02-12,2024-02-13,6.0,2.0,0.99,0.75,0.25,"cme,quiet,storm"
2024-02-13,2024-02-13,6.0,2.0,0.99,0.75,0.25,"cme,quiet,storm"
2024-02-14,2024-02-13,6.0,2.0,0.99,0.75,0.25,"cme,quiet,storm"
2024-02-15,2024-02-13,6.0,2.0,0.99,0.75,0.25,"cme,quiet,storm"
2024-02-16,,6.0,2.0,0.99,0.75,0.25,"cme,quiet,storm"
2024-02-17,,6.0,2.0,0.99,0.75,0.25,"cme,quiet,storm"
2024-02-18,,6.0,2.0,0.99,0.75,0.25,"cme,quiet,storm"
2024-02-19,,6.0,2.0,0.99,0.75,0.25,"cme,quiet,storm"
2024-02-20,,6.0,2.0,0.99,0.75,0.25,"cme,quiet,storm"
2024-02-21,,6.0,2.0,0.99,0.75,0.25,"cme,quiet,storm"
2024-02-22,,6.0,2.0,0.99,0.75,0.25,"cme,quiet,storm"
2024-02-23,,6.0,2.0,0.99,0.75,0.25,"cme,quiet,storm"
2024-02-24,,6.0,2.0,0.99,0.75,0.25,"cme,quiet,storm"
2024-02-25,,6.0,2.0,0.99,0.75,0.25,"cme,quiet,storm"
2024-02-26,,6.0,2.0,0.99,0.75,0.25,"cme,quiet,storm"
2024-02-27,,6.0,2.0,0.99,0.75,0.25,"cme,quiet,storm"
2024-02-28,,6.0,2.0,0.99,0.75,0.25,"cme,quiet,storm"
2024-02-29,,6.0,2.0,0.99,0.75,0.25,"cme,quiet,storm"
2024-03-01,2024-03-01,3.67,0.0,0.15,0.5,0.1,storm
2024-03-02,2024-03-01,3.67,0.0,0.15,0.5,0.1,storm
2024-03-03,2024-03-01,3.67,0.0,0.15,0.5,0.1,storm
2024-03-04,,3.67,0.0,0.15,0.5,0.1,storm
2024-03-05,,3.67,0.0,0.15,0.5,0.1,storm
2024-03-06,,3.67,0.0,0.15,0.5,0.1,storm
2024-03-07,,3.67,0.0,0.15,0.5,0.1,storm
2024-03-08,,3.67,0.0,0.15,0.5,0.1,storm
2024-03-09,,3.67,0.0,0.15,0.5,0.1,storm
2024-03-10,,3.67,0.0,0.15,0.5,0.1,storm
2024-03-11,,3.67,0.0,0.15,0.5,0.1,storm
2024-03-12,,3.67,0.0,0.15,0.5,0.1,storm
2024-03-13,,3.67,0.0,0.15,0.5,0.1,storm
2024-03-14,,3.67,0.0,0.15,0.5,0.1,storm
2024-03-15,,3.67,0.0,0.15,0.5,0.1,storm
2024-03-16,,3.67,0.0,0.15,0.5,0.1,storm
2024-03-17,,3.67,0.0,0.15,0.5,0.1,storm
2024-03-18,,3.67,0.0,0.15,0.5,0.1,storm
2024-03-19,,3.67,0.0,0.15,0.5,0.1,storm
2024-03-20,,3.67,0.0,0.15,0.5,0.1,storm
2024-03-21,,3.67,0.0,0.15,0.5,0.1,storm
2024-03-22,,3.67,0.0,0.15,0.5,0.1,storm
2024-03-23,,3.67,0.0,0.15,0.5,0.1,storm
2024-03-24,,3.67,0.0,0.15,0.5,0.1,storm
2024-03-25,2024-03-26,5.0,1.0,0.5,0.85,0.25,"cme,storm"
2024-03-26,2024-03-26,5.0,1.0,0.5,0.85,0.25,"cme,storm"
2024-03-27,2024-03-26,5.0,1.0,0.5,0.85,0.25,"cme,storm"
2024-03-28,2024-03-26,5.0,1.0,0.5,0.85,0.25,"cme,storm"
2024-03-29,,5.0,1.0,0.5,0.85,0.25,"cme,storm"
2024-03-30,,5.0,1.0,0.5,0.85,0.25,"cme,storm"
2024-03-31,,5.0,1.0,0.5,0.85,0.25,"cme,storm"
2024-04-01,,5.0,1.0,0.5,0.85,0.25,"cme,storm"
2024-04-02,,5.0,1.0,0.5,0.85,0.25,"cme,storm"
2024-04-03,,5.0,1.0,0.5,0.85,0.25,"cme,storm"
2024-04-04,,5.0,1.0,0.5,0.85,0.25,"cme,storm"
2024-04-05,,5.0,1.0,0.5,0.85,0.25,"cme,storm"
2024-04-06,,5.0,1.0,0.5,0.85,0.25,"cme,storm"
2024-04-07,,5.0,1.0,0.5,0.85,0.25,"cme,storm"
2024-04-08,,5.0,1.0,0.5,0.85,0.25,"cme,storm"
2024-04-09,,5.0,1.0,0.5,0.85,0.25,"cme,storm"
2024-04-10,,5.0,1.0,0.5,0.85,0.25,"cme,storm"
2024-04-11,,5.0,1.0,0.5,0.85,0.25,"cme,storm"
2024-04-12,,5.0,1.0,0.5,0.85,0.25,"cme,storm"
2024-04-13,,5.0,1.0,0.5,0.85,0.25,"cme,storm"
2024-04-14,,5.0,1.0,0.5,0.85,0.25,"cme,storm"
2024-04-15,2024-04-16,4.67,0.0,0.1,0.6,0.1,"cme,storm"
2024-04-16,2024-04-16,4.67,0.0,0.1,0.6,0.1,"cme,storm"
2024-04-17,2024-04-16,4.67,0.0,0.1,0.6,0.1,"cme,storm"
2024-04-18,2024-04-16,4.67,0.0,0.1,0.6,0.1,"cme,storm"
2024-04-19,2024-04-20,3.67,0.0,0.2,0.75,0.2,storm
2024-04-20,2024-04-20,3.67,0.0,0.2,0.75,0.2,storm
2024-04-21,2024-04-20,3.67,0.0,0.2,0.75,0.2,storm
2024-04-22,2024-04-20,3.67,0.0,0.2,0.75,0.2,storm
2024-04-23,,3.67,0.0,0.2,0.75,0.2,storm
2024-04-24,,3.67,0.0,0.2,0.75,0.2,storm
2024-04-25,,3.67,0.0,0.2,0.75,0.2,storm
2024-04-26,,3.67,0.0,0.2,0.75,0.2,storm
2024-04-27,,3.67,0.0,0.2,0.75,0.2,storm
2024-04-28,,3.67,0.0,0.2,0.75,0.2,storm
2024-04-29,,3.67,0.0,0.2,0.75,0.2,storm
2024-04-30,,3.67,0.0,0.2,0.75,0.2,storm
2024-05-01,,3.67,0.0,0.2,0.75,0.2,storm
2024-05-02,,3.67,0.0,0.2,0.75,0.2,storm
2024-05-03,,3.67,0.0,0.2,0.75,0.2,storm
2024-05-04,,3.67,0.0,0.2,0.75,0.2,storm
2024-05-05,,3.67,0.0,0.2,0.75,0.2,storm
2024-05-06,,3.67,0.0,0.2,0.75,0.2,storm
2024-05-07,,3.67,0.0,0.2,0.75,0.2,storm
2024-05-08,,3.67,0.0,0.2,0.75,0.2,storm
2024-05-09,2024-05-09,6.67,2.0,0.25,0.95,0.6,"cme,storm"
2024-05-10,2024-05-09,6.67,2.0,0.25,0.95,0.6,"cme,storm"
2024-05-11,2024-05-12,9.0,5.0,0.99,0.95,0.75,"cme,storm"
2024-05-12,2024-05-12,9.0,5.0,0.99,0.95,0.75,"cme,storm"
2024-05-13,2024-05-12,9.0,5.0,0.99,0.95,0.75,"cme,storm"
2024-05-14,2024-05-15,4.67,0.0,0.99,0.75,0.4,"cme,storm"
2024-05-15,2024-05-15,4.67,0.0,0.99,0.75,0.4,"cme,storm"
2024-05-16,2024-05-15,4.67,0.0,0.99,0.75,0.4,"cme,storm"
2024-05-17,2024-05-18,5.67,1.0,0.1,0.55,0.25,"cme,storm"
2024-05-18,2024-05-18,5.67,1.0,0.1,0.55,0.25,"cme,storm"
2024-05-19,2024-05-18,5.67,1.0,0.1,0.55,0.25,"cme,storm"
2024-05-20,2024-05-18,5.67,1.0,0.1,0.55,0.25,"cme,storm"
2024-05-21,2024-05-21,3.0,0.0,0.1,0.55,0.1,storm
2024-05-22,2024-05-21,3.0,0.0,0.1,0.55,0.1,storm
2024-05-23,2024-05-24,4.0,0.0,0.15,0.6,0.1,storm
2024-05-24,2024-05-24,4.0,0.0,0.15,0.6,0.1,storm
2024-05-25,2024-05-24,4.0,0.0,0.15,0.6,0.1,storm
2024-05-26,2024-05-26,3.0,0.0,0.05,0.4,0.05,storm
2024-05-27,2024-05-26,3.0,0.0,0.05,0.4,0.05,storm
2024-05-28,2024-05-26,3.0,0.0,0.05,0.4,0.05,storm
2024-05-29,2024-05-30,6.0,2.0,0.25,0.75,0.35,"cme,storm"
2024-05-30,2024-05-30,6.0,2.0,0.25,0.75,0.35,"cme,storm"
2024-05-31,2024-05-30,6.0,2.0,0.25,0.75,0.35,"cme,storm"
2024-06-01,2024-06-01,5.67,1.0,0.25,0.75,0.35,"cme,storm"
2024-06-02,2024-06-01,5.67,1.0,0.25,0.75,0.35,"cme,storm"
2024-06-03,2024-06-01,5.67,1.0,0.25,0.75,0.35,"cme,storm"
2024-06-04,,5.67,1.0,0.25,0.75,0.35,"cme,storm"
2024-06-05,,5.67,1.0,0.25,0.75,0.35,"cme,storm"
2024-06-06,2024-06-07,3.33,0.0,0.1,0.5,0.1,storm
2024-06-07,2024-06-07,3.33,0.0,0.1,0.5,0.1,storm
2024-06-08,2024-06-07,3.33,0.0,0.1,0.5,0.1,storm
2024-06-09,2024-06-07,3.33,0.0,0.1,0.5,0.1,storm
2024-06-10,,3.33,0.0,0.1,0.5,0.1,storm
2024-06-11,,3.33,0.0,0.1,0.5,0.1,storm
2024-06-12,2024-06-12,2.33,0.0,0.75,0.25,0.1,storm
2024-06-13,2024-06-12,2.33,0.0,0.75,0.25,0.1,storm
2024-06-14,2024-06-12,2.33,0.0,0.75,0.25,0.1,storm
2024-06-15,2024-06-16,4.0,0.0,0.1,0.55,0.1,storm
2024-06-16,2024-06-16,4.0,0.0,0.1,0.55,0.1,storm
2024-06-17,2024-06-16,4.0,0.0,0.1,0.55,0.1,storm
2024-06-18,2024-06-16,4.0,0.0,0.1,0.55,0.1,storm
2024-06-19,,4.0,0.0,0.1,0.55,0.1,storm
2024-06-20,,4.0,0.0,0.1,0.55,0.1,storm
2024-06-21,,4.0,0.0,0.1,0.55,0.1,storm
2024-06-22,,4.0,0.0,0.1,0.55,0.1,storm
2024-06-23,,4.0,0.0,0.1,0.55,0.1,storm
2024-06-24,,4.0,0.0,0.1,0.55,0.1,storm
2024-06-25,,4.0,0.0,0.1,0.55,0.1,storm
2024-06-26,,4.0,0.0,0.1,0.55,0.1,storm
2024-06-27,,4.0,0.0,0.1,0.55,0.1,storm
2024-06-28,2024-06-28,4.67,0.0,0.05,0.55,0.05,"cme,storm"
2024-06-29,2024-06-28,4.67,0.0,0.05,0.55,0.05,"cme,storm"
2024-06-30,2024-06-28,4.67,0.0,0.05,0.55,0.05,"cme,storm"
2024-07-01,2024-07-01,4.0,0.0,0.05,0.35,0.05,storm
2024-07-02,2024-07-01,4.0,0.0,0.05,0.35,0.05,storm
2024-07-03,2024-07-01,4.0,0.0,0.05,0.35,0.05,storm
2024-07-04,,4.0,0.0,0.05,0.35,0.05,storm
2024-07-05,,4.0,0.0,0.05,0.35,0.05,storm
2024-07-06,,4.0,0.0,0.05,0.35,0.05,storm
2024-07-07,,4.0,0.0,0.05,0.35,0.05,storm
2024-07-08,,4.0,0.0,0.05,0.35,0.05,storm
2024-07-09,,4.0,0.0,0.05,0.35,0.05,storm
2024-07-10,,4.0,0.0,0.05,0.35,0.05,storm
2024-07-11,2024-07-11,4.67,0.0,0.15,0.6,0.15,"ch hss,storm"
2024-07-12,2024-07-11,4.67,0.0,0.15,0.6,0.15,"ch hss,storm"
2024-07-13,2024-07-11,4.67,0.0,0.15,0.6,0.15,"ch hss,storm"
2024-07-14,,4.67,0.0,0.15,0.6,0.15,"ch hss,storm"
2024-07-15,,4.67,0.0,0.15,0.6,0.15,"ch hss,storm"
2024-07-16,2024-07-23,5.67,1.0,0.99,0.6,0.15,"cme,storm"
2024-07-17,,5.67,1.0,0.99,0.6,0.15,"cme,storm"
2024-07-18,,5.67,1.0,0.99,0.6,0.15,"cme,storm"
2024-07-19,2024-07-19,5.0,1.0,0.15,0.6,0.15,"cme,storm"
2024-07-20,2024-07-19,5.0,1.0,0.15,0.6,0.15,"cme,storm"
2024-07-21,2024-07-19,5.0,1.0,0.15,0.6,0.15,"cme,storm"
2024-07-22,2024-07-25,4.67,0.0,0.1,0.6,0.1,"cme,storm"
2024-07-23,2024-07-23,5.67,1.0,0.99,0.6,0.15,"cme,storm"
2024-07-24,2024-07-23,5.67,1.0,0.99,0.6,0.15,"cme,storm"
2024-07-25,2024-07-25,4.67,0.0,0.1,0.6,0.1,"cme,storm"
2024-07-26,2024-07-25,4.67,0.0,0.1,0.6,0.1,"cme,storm"
2024-07-27,2024-07-25,4.67,0.0,0.1,0.6,0.1,"cme,storm"
2024-07-28,,4.67,0.0,0.1,0.6,0.1,"cme,storm"
2024-07-29,2024-08-02,6.0,2.0,0.35,0.75,0.25,"cme,storm"
2024-07-30,2024-08-05,3.33,0.0,0.2,0.75,0.25,storm
2024-07-31,2024-07-30,7.0,3.0,0.2,0.8,0.25,"cme,storm"
2024-08-01,2024-07-30,7.0,3.0,0.2,0.8,0.25,"cme,storm"
2024-08-02,2024-08-02,6.0,2.0,0.35,0.75,0.25,"cme,storm"
2024-08-03,2024-08-02,6.0,2.0,0.35,0.75,0.25,"cme,storm"
2024-08-04,2024-08-02,6.0,2.0,0.35,0.75,0.25,"cme,storm"
2024-08-05,2024-08-05,3.33,0.0,0.2,0.75,0.25,storm
2024-08-06,2024-08-05,3.33,0.0,0.2,0.75,0.25,storm
2024-08-07,2024-08-08,6.0,2.0,0.2,0.75,0.25,"cme,storm"
2024-08-08,2024-08-08,6.0,2.0,0.2,0.75,0.25,"cme,storm"
2024-08-09,2024-08-08,6.0,2.0,0.2,0.75,0.25,"cme,storm"
2024-08-10,2024-08-08,6.0,2.0,0.2,0.75,0.25,"cme,storm"
2024-08-11,2024-08-12,5.67,1.0,0.15,0.75,0.3,"cme,storm"
2024-08-12,2024-08-12,5.67,1.0,0.15,0.75,0.3,"cme,storm"
2024-08-13,2024-08-12,5.67,1.0,0.15,0.75,0.3,"cme,storm"
2024-08-14,2024-08-15,3.67,0.0,0.15,0.75,0.25,storm
2024-08-15,2024-08-15,3.67,0.0,0.15,0.75,0.25,storm
2024-08-16,2024-08-15,3.67,0.0,0.15,0.75,0.25,storm
2024-08-17,2024-08-15,3.67,0.0,0.15,0.75,0.25,storm
2024-08-18,,3.67,0.0,0.15,0.75,0.25,storm
2024-08-19,,3.67,0.0,0.15,0.75,0.25,storm
2024-08-20,,3.67,0.0,0.15,0.75,0.25,storm
2024-08-21,,3.67,0.0,0.15,0.75,0.25,storm
2024-08-22,,3.67,0.0,0.15,0.75,0.25,storm
2024-08-23,,3.67,0.0,0.15,0.75,0.25,storm
2024-08-24,,3.67,0.0,0.15,0.75,0.25,storm
2024-08-25,,3.67,0.0,0.15,0.75,0.25,storm
2024-08-26,,3.67,0.0,0.15,0.75,0.25,storm
2024-08-27,,3.67,0.0,0.15,0.75,0.25,storm
2024-08-28,,3.67,0.0,0.15,0.75,0.25,storm
2024-08-29,,3.67,0.0,0.15,0.75,0.25,storm
2024-08-30,2024-08-30,3.67,0.0,0.1,0.6,0.1,storm
2024-08-31,2024-08-30,3.67,0.0,0.1,0.6,0.1,storm
2024-09-01,2024-08-30,3.67,0.0,0.1,0.6,0.1,storm
2024-09-02,,3.67,0.0,0.1,0.6,0.1,storm
2024-09-03,,3.67,0.0,0.1,0.6,0.1,storm
2024-09-04,,3.67,0.0,0.1,0.6,0.1,storm
2024-09-05,,3.67,0.0,0.1,0.6,0.1,storm
2024-09-06,,3.67,0.0,0.1,0.6,0.1,storm
2024-09-07,,3.67,0.0,0.1,0.6,0.1,storm
2024-09-08,,3.67,0.0,0.1,0.6,0.1,storm
2024-09-09,2024-09-10,6.0,2.0,0.75,0.55,0.15,"cme,storm"
2024-09-10,2024-09-10,6.0,2.0,0.75,0.55,0.15,"cme,storm"
2024-09-11,2024-09-10,6.0,2.0,0.75,0.55,0.15,"cme,storm"
2024-09-12,2024-09-12,6.0,2.0,0.15,0.6,0.15,"cme,storm"
2024-09-13,2024-09-14,5.67,1.0,0.1,0.55,0.1,"cme,storm"
2024-09-14,2024-09-14,5.67,1.0,0.1,0.55,0.1,"cme,storm"
2024-09-15,2024-09-14,5.67,1.0,0.1,0.55,0.1,"cme,storm"
2024-09-16,2024-09-14,5.67,1.0,0.1,0.55,0.1,"cme,storm"
2024-09-17,,5.67,1.0,0.1,0.55,0.1,"cme,storm"
2024-09-18,,5.67,1.0,0.1,0.55,0.1,"cme,storm"
2024-09-19,2024-09-19,4.67,0.0,0.1,0.35,0.1,storm
2024-09-20,2024-09-19,4.67,0.0,0.1,0.35,0.1,storm
2024-09-21,2024-09-21,3.0,0.0,0.05,0.3,0.05,storm
2024-09-22,2024-09-22,2.33,0.0,0.05,0.3,0.05,storm
2024-09-23,2024-09-24,4.67,0.0,0.05,0.4,0.1,"cme,storm"
2024-09-24,2024-09-24,4.67,0.0,0.05,0.4,0.1,"cme,storm"
2024-09-25,2024-09-24,4.67,0.0,0.05,0.4,0.1,"cme,storm"
2024-09-26,2024-09-27,3.67,0.0,0.05,0.6,0.15,storm
2024-09-27,2024-09-27,3.67,0.0,0.05,0.6,0.15,storm
2024-09-28,2024-09-28,3.67,0.0,0.05,0.55,0.15,storm
2024-09-29,2024-09-28,3.67,0.0,0.05,0.55,0.15,storm
2024-09-30,2024-10-01,3.0,0.0,0.05,0.6,0.15,storm
2024-10-01,2024-10-01,3.0,0.0,0.05,0.6,0.15,storm
2024-10-02,2024-10-01,3.0,0.0,0.05,0.6,0.15,storm
2024-10-03,2024-10-04,7.0,3.0,0.5,0.85,0.5,"cme,storm"
2024-10-04,2024-10-04,7.0,3.0,0.5,0.85,0.5,"cme,storm"
2024-10-05,2024-10-04,7.0,3.0,0.5,0.85,0.5,"cme,storm"
2024-10-06,2024-10-07,5.0,1.0,0.3,0.75,0.3,"cme,storm"
2024-10-07,2024-10-07,5.0,1.0,0.3,0.75,0.3,"cme,storm"
2024-10-08,2024-10-09,4.67,0.0,0.3,0.75,0.3,"cme,storm"
2024-10-09,2024-10-09,4.67,0.0,0.3,0.75,0.3,"cme,storm"
2024-10-10,2024-10-09,4.67,0.0,0.3,0.75,0.3,"cme,storm"
2024-10-11,2024-10-12,5.0,1.0,0.2,0.6,0.25,"cme,storm"
2024-10-12,2024-10-12,5.0,1.0,0.2,0.6,0.25,"cme,storm"
2024-10-13,2024-10-12,5.0,1.0,0.2,0.6,0.25,"cme,storm"
2024-10-14,2024-10-12,5.0,1.0,0.2,0.6,0.25,"cme,storm"
2024-10-15,,5.0,1.0,0.2,0.6,0.25,"cme,storm"
2024-10-16,,5.0,1.0,0.2,0.6,0.25,"cme,storm"
2024-10-17,,5.0,1.0,0.2,0.6,0.25,"cme,storm"
2024-10-18,,5.0,1.0,0.2,0.6,0.25,"cme,storm"
2024-10-19,,5.0,1.0,0.2,0.6,0.25,"cme,storm"
2024-10-20,,5.0,1.0,0.2,0.6,0.25,"cme,storm"
2024-10-21,,5.0,1.0,0.2,0.6,0.25,"cme,storm"
2024-10-22,,5.0,1.0,0.2,0.6,0.25,"cme,storm"
2024-10-23,,5.0,1.0,0.2,0.6,0.25,"cme,storm"
2024-10-24,,5.0,1.0,0.2,0.6,0.25,"cme,storm"
2024-10-25,,5.0,1.0,0.2,0.6,0.25,"cme,storm"
2024-10-26,,5.0,1.0,0.2,0.6,0.25,"cme,storm"
2024-10-27,,5.0,1.0,0.2,0.6,0.25,"cme,storm"
2024-10-28,,5.0,1.0,0.2,0.6,0.25,"cme,storm"
2024-10-29,,5.0,1.0,0.2,0.6,0.25,"cme,storm"
2024-10-30,,5.0,1.0,0.2,0.6,0.25,"cme,storm"
2024-10-31,2024-11-01,3.67,0.0,0.9,0.75,0.25,storm
2024-11-01,2024-11-01,3.67,0.0,0.9,0.75,0.25,storm
2024-11-02,2024-11-01,3.67,0.0,0.9,0.75,0.25,storm
2024-11-03,2024-11-01,3.67,0.0,0.9,0.75,0.25,storm
2024-11-04,2024-11-05,5.0,1.0,0.1,0.75,0.25,"cme,storm"
2024-11-05,2024-11-05,5.0,1.0,0.1,0.75,0.25,"cme,storm"
2024-11-06,2024-11-05,5.0,1.0,0.1,0.75,0.25,"cme,storm"
2024-11-07,2024-11-08,4.33,0.0,0.1,0.85,0.35,storm
2024-11-08,2024-11-08,4.33,0.0,0.1,0.85,0.35,storm
2024-11-09,2024-11-08,4.33,0.0,0.1,0.85,0.35,storm
2024-11-10,2024-11-08,4.33,0.0,0.1,0.85,0.35,storm
2024-11-11,2024-11-12,4.0,0.0,0.15,0.7,0.25,storm
2024-11-12,2024-11-12,4.0,0.0,0.15,0.7,0.25,storm
2024-11-13,2024-11-12,4.0,0.0,0.15,0.7,0.25,storm
2024-11-14,2024-11-12,4.0,0.0,0.15,0.7,0.25,storm
2024-11-15,,4.0,0.0,0.15,0.7,0.25,storm
2024-11-16,,4.0,0.0,0.15,0.7,0.25,storm
2024-11-17,,4.0,0.0,0.15,0.7,0.25,storm
2024-11-18,,4.0,0.0,0.15,0.7,0.25,storm
2024-11-19,,4.0,0.0,0.15,0.7,0.25,storm
2024-11-20,,4.0,0.0,0.15,0.7,0.25,storm
2024-11-21,,4.0,0.0,0.15,0.7,0.25,storm
2024-11-22,,4.0,0.0,0.15,0.7,0.25,storm
2024-11-23,,4.0,0.0,0.15,0.7,0.25,storm
2024-11-24,,4.0,0.0,0.15,0.7,0.25,storm
2024-11-25,,4.0,0.0,0.15,0.7,0.25,storm
2024-11-26,,4.0,0.0,0.15,0.7,0.25,storm
2024-11-27,2024-11-27,5.67,1.0,0.1,0.65,0.2,storm
2024-11-28,2024-11-27,5.67,1.0,0.1,0.65,0.2,storm
2024-11-29,2024-11-27,5.67,1.0,0.1,0.65,0.2,storm
2024-11-30,2024-11-30,3.67,0.0,0.1,0.4,0.1,storm
2024-12-01,2024-11-30,3.67,0.0,0.1,0.4,0.1,storm
2024-12-02,2024-11-30,3.67,0.0,0.1,0.4,0.1,storm
2024-12-03,,3.67,0.0,0.1,0.4,0.1,storm
2024-12-04,2024-12-05,3.0,0.0,0.05,0.3,0.05,storm
2024-12-05,2024-12-05,3.0,0.0,0.05,0.3,0.05,storm
2024-12-06,2024-12-05,3.0,0.0,0.05,0.3,0.05,storm
2024-12-07,2024-12-05,3.0,0.0,0.05,0.3,0.05,storm
2024-12-08,,3.0,0.0,0.05,0.3,0.05,storm
2024-12-09,,3.0,0.0,0.05,0.3,0.05,storm
2024-12-10,,3.0,0.0,0.05,0.3,0.05,storm
2024-12-11,2024-12-11,2.33,0.0,0.05,0.55,0.1,storm
2024-12-12,2024-12-13,2.67,0.0,0.05,0.55,0.05,storm
2024-12-13,2024-12-13,2.67,0.0,0.05,0.55,0.05,storm
2024-12-14,2024-12-13,2.67,0.0,0.05,0.55,0.05,storm
2024-12-15,2024-12-13,2.67,0.0,0.05,0.55,0.05,storm
2024-12-16,,2.67,0.0,0.05,0.55,0.05,storm
2024-12-17,2024-12-17,5.33,1.0,0.05,0.4,0.05,"cme,storm"
2024-12-18,2024-12-17,5.33,1.0,0.05,0.4,0.05,"cme,storm"
2024-12-19,2024-12-19,3.67,0.0,0.05,0.4,0.05,storm
2024-12-20,2024-12-19,3.67,0.0,0.05,0.4,0.05,storm
2024-12-21,2024-12-19,3.67,0.0,0.05,0.4,0.05,storm
2024-12-22,2024-12-22,3.0,0.0,0.1,0.6,0.1,storm
2024-12-23,2024-12-22,3.0,0.0,0.1,0.6,0.1,storm
2024-12-24,2024-12-22,3.0,0.0,0.1,0.6,0.1,storm
2024-12-25,,3.0,0.0,0.1,0.6,0.1,storm
2024-12-26,2024-12-26,4.67,0.0,0.1,0.75,0.1,"cme,storm"
2024-12-27,2024-12-27,2.67,0.0,0.1,0.75,0.1,storm
2024-12-28,2024-12-27,2.67,0.0,0.1,0.75,0.1,storm
2024-12-29,2024-12-30,6.67,2.0,0.2,0.8,0.3,"cme,storm"
2024-12-30,2024-12-31,6.67,2.0,0.2,0.8,0.25,"cme,storm"
2024-12-31,2024-12-31,6.67,2.0,0.2,0.8,0.25,"cme,storm"
2025-01-01,,6.67,2.0,0.2,0.8,0.25,"cme,storm"
2025-01-02,,6.67,2.0,0.2,0.8,0.25,"cme,storm"
2025-01-03,2025-01-03,4.67,0.0,0.1,0.55,0.15,"cme,ch hss,storm"
2025-01-04,2025-01-03,4.67,0.0,0.1,0.55,0.15,"cme,ch hss,storm"
2025-01-05,2025-01-03,4.67,0.0,0.1,0.55,0.15,"cme,ch hss,storm"
2025-01-06,,4.67,0.0,0.1,0.55,0.15,"cme,ch hss,storm"
2025-01-07,,4.67,0.0,0.1,0.55,0.15,"cme,ch hss,storm"
2025-01-08,,4.67,0.0,0.1,0.55,0.15,"cme,ch hss,storm"
2025-01-09,,4.67,0.0,0.1,0.55,0.15,"cme,ch hss,storm"
2025-01-10,,4.67,0.0,0.1,0.55,0.15,"cme,ch hss,storm"
2025-01-11,,4.67,0.0,0.1,0.55,0.15,"cme,ch hss,storm"
2025-01-12,,4.67,0.0,0.1,0.55,0.15,"cme,ch hss,storm"
2025-01-13,,4.67,0.0,0.1,0.55,0.15,"cme,ch hss,storm"
2025-01-14,,4.67,0.0,0.1,0.55,0.15,"cme,ch hss,storm"
2025-01-15,,4.67,0.0,0.1,0.55,0.15,"cme,ch hss,storm"
2025-01-16,,4.67,0.0,0.1,0.55,0.15,"cme,ch hss,storm"
2025-01-17,,4.67,0.0,0.1,0.55,0.15,"cme,ch hss,storm"
2025-01-18,,4.67,0.0,0.1,0.55,0.15,"cme,ch hss,storm"
2025-01-19,,4.67,0.0,0.1,0.55,0.15,"cme,ch hss,storm"
2025-01-20,,4.67,0.0,0.1,0.55,0.15,"cme,ch hss,storm"
2025-01-21,,4.67,0.0,0.1,0.55,0.15,"cme,ch hss,storm"
2025-01-22,2025-01-23,5.33,1.0,0.1,0.55,0.1,"cme,storm"
2025-01-23,2025-01-23,5.33,1.0,0.1,0.55,0.1,"cme,storm"
2025-01-24,2025-01-25,5.33,1.0,0.1,0.55,0.1,"cme,storm"
2025-01-25,2025-01-25,5.33,1.0,0.1,0.55,0.1,"cme,storm"
2025-01-26,2025-01-25,5.33,1.0,0.1,0.55,0.1,"cme,storm"
2025-01-27,2025-01-25,5.33,1.0,0.1,0.55,0.1,"cme,storm"
2025-01-28,,5.33,1.0,0.1,0.55,0.1,"cme,storm"
2025-01-29,,5.33,1.0,0.1,0.55,0.1,"cme,storm"
2025-01-30,,5.33,1.0,0.1,0.55,0.1,"cme,storm"
2025-01-31,,5.33,1.0,0.1,0.55,0.1,"cme,storm"
2025-02-01,2025-02-02,4.67,0.0,0.1,0.55,0.15,"ch hss,storm"
2025-02-02,2025-02-02,4.67,0.0,0.1,0.55,0.15,"ch hss,storm"
2025-02-03,2025-02-04,3.67,0.0,0.15,0.85,0.2,storm
2025-02-04,2025-02-04,3.67,0.0,0.15,0.85,0.2,storm
2025-02-05,2025-02-04,3.67,0.0,0.15,0.85,0.2,storm
2025-02-06,2025-02-06,3.67,0.0,0.25,0.85,0.25,storm
2025-02-07,2025-02-06,3.67,0.0,0.25,0.85,0.25,storm
2025-02-08,2025-02-09,5.0,1.0,0.2,0.6,0.2,"ch hss,storm"
2025-02-09,2025-02-09,5.0,1.0,0.2,0.6,0.2,"ch hss,storm"
2025-02-10,2025-02-09,5.0,1.0,0.2,0.6,0.2,"ch hss,storm"
2025-02-11,2025-02-09,5.0,1.0,0.2,0.6,0.2,"ch hss,storm"
2025-02-12,,5.0,1.0,0.2,0.6,0.2,"ch hss,storm"
2025-02-13,2025-02-13,4.67,0.0,0.05,0.4,0.05,"ch hss,storm"
2025-02-14,2025-02-15,5.0,1.0,0.05,0.45,0.1,storm
2025-02-15,2025-02-15,5.0,1.0,0.05,0.45,0.1,storm
2025-02-16,2025-02-15,5.0,1.0,0.05,0.45,0.1,storm
2025-02-17,2025-02-17,4.33,0.0,0.05,0.45,0.1,storm
2025-02-18,2025-02-17,4.33,0.0,0.05,0.45,0.1,storm
2025-02-19,2025-02-17,4.33,0.0,0.05,0.45,0.1,storm
2025-02-20,,4.33,0.0,0.05,0.45,0.1,storm
2025-02-21,,4.33,0.0,0.05,0.45,0.1,storm
2025-02-22,,4.33,0.0,0.05,0.45,0.1,storm
2025-02-23,,4.33,0.0,0.05,0.45,0.1,storm
2025-02-24,,4.33,0.0,0.05,0.45,0.1,storm
2025-02-25,,4.33,0.0,0.05,0.45,0.1,storm
2025-02-26,,4.33,0.0,0.05,0.45,0.1,storm
2025-02-27,,4.33,0.0,0.05,0.45,0.1,storm
2025-02-28,2025-02-28,5.0,1.0,0.1,0.55,0.1,"ch hss,storm"
2025-03-01,2025-02-28,5.0,1.0,0.1,0.55,0.1,"ch hss,storm"
2025-03-02,2025-03-02,5.0,1.0,0.01,0.25,0.01,"cme,storm"
2025-03-03,2025-03-02,5.0,1.0,0.01,0.25,0.01,"cme,storm"
2025-03-04,2025-03-04,5.0,1.0,0.01,0.3,0.01,"cme,storm"
2025-03-05,2025-03-04,5.0,1.0,0.01,0.3,0.01,"cme,storm"
2025-03-06,2025-03-04,5.0,1.0,0.01,0.3,0.01,"cme,storm"
2025-03-07,2025-03-08,5.0,1.0,0.01,0.3,0.05,ch hss
2025-03-08,2025-03-08,5.0,1.0,0.01,0.3,0.05,ch hss
2025-03-09,2025-03-08,5.0,1.0,0.01,0.3,0.05,ch hss
2025-03-10,2025-03-10,5.0,1.0,0.01,0.3,0.05,storm
2025-03-11,2025-03-10,5.0,1.0,0.01,0.3,0.05,storm
2025-03-12,2025-03-10,5.0,1.0,0.01,0.3,0.05,storm
2025-03-13,,5.0,1.0,0.01,0.3,0.05,storm
2025-03-14,2025-03-14,4.67,0.0,0.01,0.45,0.05,"ch hss,storm"
2025-03-15,2025-03-14,4.67,0.0,0.01,0.45,0.05,"ch hss,storm"
2025-03-16,2025-03-16,3.67,0.0,0.05,0.45,0.1,storm
2025-03-17,2025-03-18,3.67,0.0,0.05,0.5,0.1,storm
2025-03-18,2025-03-18,3.67,0.0,0.05,0.5,0.1,storm
2025-03-19,2025-03-20,3.67,0.0,0.05,0.3,0.05,storm
2025-03-20,2025-03-20,3.67,0.0,0.05,0.3,0.05,storm
2025-03-21,2025-03-21,3.67,0.0,0.05,0.3,0.05,storm
2025-03-22,2025-03-21,3.67,0.0,0.05,0.3,0.05,storm
2025-03-23,2025-03-21,3.67,0.0,0.05,0.3,0.05,storm
2025-03-24,,3.67,0.0,0.05,0.3,0.05,storm
2025-03-25,,3.67,0.0,0.05,0.3,0.05,storm
2025-03-26,,3.67,0.0,0.05,0.3,0.05,storm
2025-03-27,,3.67,0.0,0.05,0.3,0.05,storm
2025-03-28,2025-03-29,3.67,0.0,0.05,0.5,0.2,storm
2025-03-29,2025-03-29,3.67,0.0,0.05,0.5,0.2,storm
2025-03-30,2025-03-29,3.67,0.0,0.05,0.5,0.2,storm
2025-03-31,2025-04-01,3.0,0.0,0.8,0.75,0.25,storm
2025-04-01,2025-04-01,3.0,0.0,0.8,0.75,0.25,storm
2025-04-02,2025-04-01,3.0,0.0,0.8,0.75,0.25,storm
2025-04-03,2025-04-01,3.0,0.0,0.8,0.75,0.25,storm
2025-04-04,2025-04-04,5.0,1.0,0.15,0.7,0.15,storm
2025-04-05,2025-04-04,5.0,1.0,0.15,0.7,0.15,storm
2025-04-06,2025-04-04,5.0,1.0,0.15,0.7,0.15,storm
2025-04-07,,5.0,1.0,0.15,0.7,0.15,storm
2025-04-08,2025-04-08,4.0,0.0,0.05,0.55,0.1,storm
2025-04-09,2025-04-08,4.0,0.0,0.05,0.55,0.1,storm
2025-04-10,2025-04-08,4.0,0.0,0.05,0.55,0.1,storm
2025-04-11,,4.0,0.0,0.05,0.55,0.1,storm
2025-04-12,,4.0,0.0,0.05,0.55,0.1,storm
2025-04-13,,4.0,0.0,0.05,0.55,0.1,storm
2025-04-14,,4.0,0.0,0.05,0.55,0.1,storm
2025-04-15,2025-04-16,6.67,2.0,0.1,0.8,0.15,storm
2025-04-16,2025-04-16,6.67,2.0,0.1,0.8,0.15,storm
2025-04-17,2025-04-16,6.67,2.0,0.1,0.8,0.15,storm
2025-04-18,2025-04-16,6.67,2.0,0.1,0.8,0.15,storm
2025-04-19,,6.67,2.0,0.1,0.8,0.15,storm
2025-04-20,,6.67,2.0,0.1,0.8,0.15,storm
2025-04-21,2025-04-21,6.0,2.0,0.01,0.4,0.05,"ch hss,storm"
2025-04-22,2025-04-23,4.67,0.0,0.01,0.4,0.01,storm
2025-04-23,2025-04-23,4.67,0.0,0.01,0.4,0.01,storm
2025-04-24,2025-04-23,4.67,0.0,0.01,0.4,0.01,storm
2025-04-25,2025-04-23,4.67,0.0,0.01,0.4,0.01,storm
2025-04-26,,4.67,0.0,0.01,0.4,0.01,storm
2025-04-27,,4.67,0.0,0.01,0.4,0.01,storm
2025-04-28,,4.67,0.0,0.01,0.4,0.01,storm
2025-04-29,,4.67,0.0,0.01,0.4,0.01,storm
2025-04-30,2025-05-01,3.67,0.0,0.01,0.5,0.1,storm
2025-05-01,2025-05-01,3.67,0.0,0.01,0.5,0.1,storm
2025-05-02,2025-05-01,3.67,0.0,0.01,0.5,0.1,storm
2025-05-03,2025-05-01,3.67,0.0,0.01,0.5,0.1,storm
2025-05-04,,3.67,0.0,0.01,0.5,0.1,storm
2025-05-05,2025-05-05,4.67,0.0,0.01,0.35,0.05,"ch hss,storm"
2025-05-06,2025-05-05,4.67,0.0,0.01,0.35,0.05,"ch hss,storm"
2025-05-07,2025-05-05,4.67,0.0,0.01,0.35,0.05,"ch hss,storm"
2025-05-08,2025-05-08,4.67,0.0,0.05,0.45,0.05,"cme,ch hss"
2025-05-09,2025-05-08,4.67,0.0,0.05,0.45,0.05,"cme,ch hss"
2025-05-10,2025-05-08,4.67,0.0,0.05,0.45,0.05,"cme,ch hss"
2025-05-11,,4.67,0.0,0.05,0.45,0.05,"cme,ch hss"
2025-05-12,2025-05-12,3.67,0.0,0.01,0.01,0.01,storm
2025-05-13,2025-05-14,3.67,0.0,0.75,0.15,0.01,storm
2025-05-14,2025-05-14,3.67,0.0,0.75,0.15,0.01,storm
2025-05-15,2025-05-16,4.67,0.0,0.01,0.65,0.3,"ch hss,storm"
2025-05-16,2025-05-16,4.67,0.0,0.01,0.65,0.3,"ch hss,storm"
2025-05-17,2025-05-16,4.67,0.0,0.01,0.65,0.3,"ch hss,storm"
2025-05-18,2025-05-18,5.0,1.0,0.01,0.35,0.1,"ch hss,storm"
2025-05-19,2025-05-18,5.0,1.0,0.01,0.35,0.1,"ch hss,storm"
2025-05-20,2025-05-20,3.67,0.0,0.01,0.35,0.05,storm
2025-05-21,2025-05-20,3.67,0.0,0.01,0.35,0.05,storm
2025-05-22,2025-05-20,3.67,0.0,0.01,0.35,0.05,storm
2025-05-23,2025-05-23,4.0,0.0,0.01,0.25,0.05,storm
2025-05-24,2025-05-23,4.0,0.0,0.01,0.25,0.05,storm
2025-05-25,2025-05-26,3.67,0.0,0.1,0.65,0.25,storm
2025-05-26,2025-05-26,3.67,0.0,0.1,0.65,0.25,storm
2025-05-27,2025-05-26,3.67,0.0,0.1,0.65,0.25,storm
2025-05-28,2025-05-26,3.67,0.0,0.1,0.65,0.25,storm
2025-05-29,2025-05-29,6.67,2.0,0.1,0.5,0.1,"ch hss,storm"
2025-05-30,2025-05-29,6.67,2.0,0.1,0.5,0.1,"ch hss,storm"
2025-05-31,2025-05-29,6.67,2.0,0.1,0.5,0.1,"ch hss,storm"
